id,first_name,last_name,email,gender,ip_address,iban
1,Wadsworth,Lammie,wlammie0@surveymonkey.com,Male,177.65.37.231,DE45 8413 0439 5020 9582 10
2,Maurita,Spensly,mspensly1@ocn.ne.jp,Female,232.219.228.255,MT26 HDLY 5241 3U1T ROBU HDE2 4HOC 68D
3,Leigh,McRonald,lmcronald2@mozilla.org,Female,39.193.197.209,AL05 9515 9627 KH5I UT3U E5PT BOVI
4,Antonin,Deetlof,adeetlof3@army.mil,Male,112.245.15.46,LT92 1554 3415 9227 7765
5,Burl,Brien,bbrien4@examiner.com,Male,234.223.170.249,SE42 8033 9482 4492 7295 7062
6,Wayne,Brelsford,wbrelsford5@mozilla.org,Agender,115.125.156.135,NL54 WUJN 2955 3180 90
7,Margo,Minker,mminker6@boston.com,Female,111.103.200.254,FR09 1839 7249 162P SHFL MKDS J05
8,Gordy,Caswall,gcaswall7@pinterest.com,Male,177.212.166.237,LT68 8034 0488 9170 7448
9,Simmonds,Houtby,shoutby8@twitter.com,Male,17.71.93.218,FR94 9370 8561 21ZL UCPH 6XMO 941
10,Lind,Cotes,lcotes9@devhub.com,Female,243.69.22.81,AT04 1142 0761 7004 0544
11,Denni,Kneeland,dkneelanda@free.fr,Female,33.212.22.44,CR49 8441 1712 1348 1298 9
12,Beatrisa,Schimke,bschimkeb@nydailynews.com,Female,127.139.7.210,LV10 PVDV HJGF JDTS UHZA L
13,Fletcher,Fowlds,ffowldsc@homestead.com,Male,203.255.187.234,DO61 LHZ3 2893 6887 8067 5027 5823
14,Tannie,Hickford,thickfordd@list-manage.com,Male,74.179.7.208,GR46 7081 649N NH5M YBLX TWMM CNL
15,Cathee,Belham,cbelhame@blogger.com,Female,139.62.170.62,KZ64 336A WTZH SEXB W8K7
16,Carlen,Newiss,cnewissf@zimbio.com,Female,141.248.62.222,FR47 5085 7950 50NQ 7JCM 8WN0 555
17,Stafford,Saladine,ssaladineg@cargocollective.com,Male,179.45.43.100,MU70 EDHS 1772 6343 0275 0120 076U BI
18,Westbrooke,Kirwan,wkirwanh@yahoo.co.jp,Male,170.153.78.62,LT83 8696 6176 5940 0842
19,Stacee,Antony,santonyi@privacy.gov.au,Male,19.53.120.15,MT36 HDTX 7214 8HCW TH1A KGM8 WPZZ XUS
20,Joly,Bozier,jbozierj@bbb.org,Female,58.8.23.206,TN12 5956 4962 3080 9675 4697
21,Cristi,Lunny,clunnyk@slideshare.net,Female,4.141.144.54,HR83 9702 0547 5778 5493 0
22,Ingrid,Croydon,icroydonl@printfriendly.com,Female,83.46.0.1,FR49 2402 2591 80BW BKE4 GO5V 189
23,Grover,Honnicott,ghonnicottm@indiegogo.com,Male,17.69.14.252,GI20 MUTF TYJ8 NBX2 CE2R 4A4
24,Torie,Petschel,tpetscheln@eventbrite.com,Female,35.199.65.145,RS30 3229 9344 0478 9098 04
25,Zollie,Francillo,zfrancilloo@sina.com.cn,Male,224.75.121.28,FR58 9327 5834 97IC 3M4G 88K8 S46
26,Katina,Hudd,khuddp@drupal.org,Female,73.241.189.22,GR56 5542 212U JFCM NWSU NT3E YD8
27,Creight,Fever,cfeverq@51.la,Male,163.96.89.55,FO27 7551 1044 1023 10
28,Tybie,Killimister,tkillimisterr@blogs.com,Genderqueer,113.171.33.48,FR07 9105 8445 21CL FIGP MHKM 345
29,Allin,Beetlestone,abeetlestones@narod.ru,Male,203.121.182.195,FR79 1298 3307 57EE IHNV DVRE N99
30,Eugenie,Alejo,ealejot@acquirethisname.com,Female,136.5.201.170,MR05 0016 4373 7133 0273 0700 184
31,Lanny,Hebble,lhebbleu@about.me,Male,31.155.11.198,GL45 2563 1441 4028 03
32,Brenden,Philps,bphilpsv@unblog.fr,Male,50.176.191.93,TN35 9611 0681 1838 8718 1610
33,Keir,Gillibrand,kgillibrandw@japanpost.jp,Male,46.27.33.167,IS83 0579 9841 5256 5039 7274 17
34,Stacee,Atwill,satwillx@gnu.org,Male,242.13.130.59,GR70 4680 537Z BZPE Q2SJ UCQH 6NA
35,Thorpe,Scafe,tscafey@hao123.com,Male,94.133.155.94,FR82 4176 6324 56NK J3RI BVGI X13
36,Lincoln,Gasparro,lgasparroz@moonfruit.com,Genderqueer,10.93.27.240,PL14 6291 0827 5973 6698 7387 4137
37,Marcello,Bartram,mbartram10@wordpress.org,Polygender,195.8.57.251,PL54 3084 1166 0984 7465 7748 3272
38,Banky,Dickey,bdickey11@miibeian.gov.cn,Male,181.189.36.197,ES69 1212 3073 0953 1094 7993
39,Torrey,Darling,tdarling12@gizmodo.com,Male,184.52.251.189,FR82 3592 3995 16ED MHVH CI5K Z25
40,Opal,Burch,oburch13@google.pl,Female,112.166.113.116,SA02 42XA BY91 8I9Q LWLX FKMM
41,Olvan,McLese,omclese14@mashable.com,Male,255.28.5.39,BG54 YNIF 0325 09T5 CL7N ER
42,Marshal,Milne,mmilne15@umich.edu,Male,160.74.226.168,KW10 WPVO QF11 CDHA GTNW 4VFY UTO3 LJ
43,Brett,Landrieu,blandrieu16@toplist.cz,Male,220.182.96.201,MR39 8246 2955 0635 2829 8914 674
44,Cash,Czaple,cczaple17@bloglines.com,Male,239.233.236.98,KZ88 405X WTXJ 0MCI DRWR
45,Corrinne,Petrowsky,cpetrowsky18@salon.com,Female,212.132.183.38,LB88 1394 DIQF AHIM VHKY AAV8 A0GX
46,Tamra,Filipczynski,tfilipczynski19@xinhuanet.com,Female,188.173.25.244,GL08 0909 0375 6161 17
47,Douglass,Gulvin,dgulvin1a@senate.gov,Male,109.136.48.60,LI87 1298 03ZI F6PY TUTX O
48,Analiese,Humblestone,ahumblestone1b@illinois.edu,Female,46.210.107.119,FR17 3345 6449 61OJ 9JBH WRSC F49
49,Pennie,Inskipp,pinskipp1c@stumbleupon.com,Female,165.142.181.66,GI34 LFXN ORNP NPBU VNWM DPB
50,Prudence,Dunn,pdunn1d@mapquest.com,Female,67.147.119.184,AD98 9664 9587 UH2A HQUW HWWB
51,Justus,Matusevich,jmatusevich1e@vk.com,Male,27.224.165.237,FR22 2327 9920 69VD DWZN URYV H52
52,Randi,Borell,rborell1f@ucsd.edu,Female,60.8.148.250,NO48 2290 3618 030
53,Baxter,Calan,bcalan1g@ow.ly,Male,76.130.127.35,FO60 1813 4941 1925 90
54,Norine,Tertre,ntertre1h@storify.com,Female,55.90.156.128,BH68 FHOL I8T0 GZUF GWQH WB
55,Carey,Skein,cskein1i@ovh.net,Male,218.218.218.173,IE02 LBDP 9663 7996 6853 14
56,Donnie,Dench,ddench1j@msn.com,Bigender,7.161.38.25,FR40 4180 5570 5815 T2CK PA9C O50
57,Ramona,Phippard,rphippard1k@nymag.com,Female,211.204.137.128,RO32 DKDY XI0A CLAZ VFZS WSDR
58,Karly,Lamar,klamar1l@creativecommons.org,Female,143.119.36.231,SI08 4454 8411 2509 804
59,Linell,Heiden,lheiden1m@upenn.edu,Female,26.173.240.146,NO27 8944 6929 654
60,Gray,Flannery,gflannery1n@mysql.com,Male,253.128.255.223,PK36 SOWA PYQE M4Z4 I5CD TZBU
61,Bryanty,Zoane,bzoane1o@rediff.com,Male,131.248.148.49,FR76 6797 1636 45NR DUDX ME41 E08
62,Jen,Duchan,jduchan1p@reuters.com,Female,112.102.142.225,VG34 TJXO 3806 2731 5977 6000
63,Langston,Seakings,lseakings1q@shutterfly.com,Male,178.179.7.238,FR26 9980 2569 5677 4IIS EPJF O53
64,Ozzie,Duguid,oduguid1r@xrea.com,Male,214.251.174.209,RS77 3225 8544 5865 6041 68
65,Theobald,Hanbidge,thanbidge1s@symantec.com,Male,222.99.131.236,EE66 5751 2458 7818 5179
66,Kylie,Strain,kstrain1t@nymag.com,Female,99.154.204.5,FR75 2806 0593 34V1 4IOP QG6P V45
67,Dionis,Von Der Empten,dvonderempten1u@netscape.com,Female,12.82.114.41,AE20 6580 2598 5833 8101 760
68,Noellyn,Kopfen,nkopfen1v@quantcast.com,Female,20.107.108.155,NL53 LZSA 5908 2412 12
69,Shauna,Raleston,sraleston1w@livejournal.com,Female,201.91.151.46,MD61 XV6P MVGE UXNS DFWW H498
70,Tamiko,Fleetham,tfleetham1x@issuu.com,Female,220.249.49.134,MT91 CITG 5472 5Y36 T8MB JPVK HKPM RVG
71,Elmo,Kaplin,ekaplin1y@jigsy.com,Male,231.202.178.213,PL56 8557 4057 7430 1622 7544 6024
72,Shell,LLelweln,sllelweln1z@howstuffworks.com,Female,101.41.158.159,PT52 5447 9829 3800 6945 5092 9
73,Iris,Conklin,iconklin20@illinois.edu,Female,181.207.140.135,IT76 U967 5982 269J HOML R1BD ZSD
74,Paten,Kleewein,pkleewein21@yellowbook.com,Male,71.145.76.162,HR70 4504 5392 9263 3868 0
75,Corrianne,Rickardes,crickardes22@so-net.ne.jp,Female,62.107.255.26,GI54 HGSJ LZZ6 LAIO KB7R ZAC
76,Pascale,Sieghart,psieghart23@epa.gov,Male,106.56.103.135,PL37 1687 8553 4847 8678 9903 5582
77,Eva,Blincowe,eblincowe24@about.com,Female,122.144.195.71,LB65 5907 ZXUH PSUK QGUT WON5 DIFJ
78,Noelani,Flewitt,nflewitt25@g.co,Female,65.104.60.118,LI19 2665 2XHG JNEN JJXA T
79,Winona,Mustoo,wmustoo26@vinaora.com,Female,43.186.190.253,AZ42 EVZG FZEC VAJS OYRX KTGW 9JKR
80,Raynard,MacKnocker,rmacknocker27@wix.com,Male,243.136.5.33,CZ23 8280 9364 6267 5829 2727
81,Gilbertina,Beard,gbeard28@bloglovin.com,Female,5.20.225.52,FI85 6124 2539 5853 99
82,Shelby,Oakeshott,soakeshott29@prweb.com,Male,81.245.250.153,GE92 FS99 0185 9055 5510 50
83,Jose,Figg,jfigg2a@wikimedia.org,Male,189.10.128.185,AT93 7157 8636 9570 7029
84,Hugues,Guare,hguare2b@who.int,Male,205.252.9.143,FR79 3478 9826 40PI KNU1 3UJO Y78
85,Caprice,Iacovides,ciacovides2c@cbslocal.com,Female,170.126.112.62,GE61 LI57 4196 3448 8419 65
86,Akim,Santo,asanto2d@paginegialle.it,Male,32.1.27.2,CH40 1142 7RZU B9Q4 HGXU E
87,Lucille,Oslar,loslar2e@paypal.com,Female,174.172.21.145,GI95 XJSM FLWU 3SQZ XMDC CKG
88,Joellen,De Moreno,jdemoreno2f@army.mil,Agender,153.185.21.162,LT23 4218 3229 1724 0498
89,Padraic,Kolodziejski,pkolodziejski2g@mtv.com,Male,138.79.146.4,SA11 235O 5T3E QMSN BGUL O76T
90,Nicoline,Grane,ngrane2h@diigo.com,Female,141.18.52.247,MT08 TNJO 5835 7HAI 00I4 XOWK 3E7Z 9PT
91,Christin,Lappine,clappine2i@posterous.com,Female,116.221.139.51,GB43 SCTQ 1071 6941 3925 09
92,Jodee,Tempest,jtempest2j@livejournal.com,Female,58.96.53.188,AZ25 DFUY GK2O AX8U 4IV0 LTY6 YF2B
93,Baldwin,Bromet,bbromet2k@dion.ne.jp,Non-binary,146.58.89.134,FR51 4159 5120 39U8 MVHO 96KR U93
94,Harrietta,Aird,haird2l@cornell.edu,Female,190.162.178.144,GT55 QGQ5 QH4A 00OE 6MUQ CVPU VUBB
95,Sumner,Haire,shaire2m@deviantart.com,Male,12.201.19.69,IT89 R677 2717 358I HNU8 RYAU P16
96,Lavina,Whitsun,lwhitsun2n@craigslist.org,Female,135.7.146.74,AZ39 RGJK AAKW JIPB NT2F KZDS 978S
97,Andi,Loxly,aloxly2o@opensource.org,Female,158.122.234.179,MD14 NXMG V1ST GDA0 SEEP 7JIS
98,Anabel,Pape,apape2p@utexas.edu,Female,187.13.38.254,CZ29 3768 4077 8591 1205 1609
99,Berne,Peter,bpeter2q@dell.com,Genderqueer,223.97.111.141,SE03 2164 0254 4964 7558 9750
100,Correy,Charge,ccharge2r@free.fr,Female,27.144.178.4,BG47 HNBY 5613 40JW CTJO Q8
101,Chariot,Szymczyk,cszymczyk2s@usa.gov,Male,85.116.198.130,AL13 7916 2870 BT5F J5SC RSZ1 ORWD
102,Debra,Arno,darno2t@irs.gov,Agender,33.45.98.242,IT18 Q210 2339 995B JOYM HTGO ZUZ
103,Leighton,Zuenelli,lzuenelli2u@slideshare.net,Male,185.155.136.0,LB12 4277 8VHK BN8B 6ELF MYW8 JWPX
104,Bunni,Dignum,bdignum2v@sciencedirect.com,Female,85.145.83.182,LU97 5411 EWTC CS99 PXJM
105,Alma,Duce,aduce2w@va.gov,Female,179.63.46.188,SE90 5854 7178 0609 9933 1652
106,Rustie,Lideard,rlideard2x@unblog.fr,Male,8.54.214.161,GB45 HDGJ 2397 5086 4364 14
107,Elka,Skydall,eskydall2y@businessweek.com,Female,95.8.199.82,LU27 296J A2LR 9KMY FDLO
108,Phillipp,Kittredge,pkittredge2z@phoca.cz,Male,169.158.239.189,FR90 4633 1385 98UH ZA1F YNGB X31
109,Clem,Mellem,cmellem30@fastcompany.com,Male,35.235.20.182,FI18 1658 4437 1943 09
110,Haily,Elner,helner31@icio.us,Male,105.150.121.251,MD28 O1LZ 9JRP 4YHB FT4I KK24
111,Hayyim,Schimaschke,hschimaschke32@imdb.com,Male,133.150.97.72,AT41 8995 7449 0875 6659
112,Cal,Gonnelly,cgonnelly33@liveinternet.ru,Male,151.90.124.191,FR64 0842 3547 83XV 4EVF VRCM R75
113,Jeffie,Giffaut,jgiffaut34@aboutads.info,Male,56.115.201.212,DK21 5458 6417 8027 85
114,Thorndike,Elcock,telcock35@sogou.com,Male,154.212.108.168,SA90 60YQ GT6R WP2R JYQX 4KEQ
115,Mayer,Lintott,mlintott36@i2i.jp,Male,230.237.77.194,VG59 UQYA 2987 4552 4157 1176
116,Madelena,Rackham,mrackham37@blogs.com,Genderfluid,105.181.73.212,HU68 9253 7535 0433 6627 6585 1225
117,Clint,Busby,cbusby38@printfriendly.com,Male,184.11.133.173,FR71 6919 0613 64GD NKI9 3T3F V99
118,Xena,Geraldo,xgeraldo39@soundcloud.com,Female,119.190.2.187,GT78 FCF5 YM1K 5PL7 YGHE ITZQ ZXGT
119,Torr,Simionescu,tsimionescu3a@archive.org,Male,230.27.107.199,BH53 HOZU XXY3 V6U4 LABU 5Y
120,Adriane,Lawee,alawee3b@weather.com,Non-binary,215.209.13.159,FI55 9023 6803 3692 09
121,Wylie,Regan,wregan3c@yahoo.co.jp,Male,174.72.151.210,SE34 6453 5981 2131 8845 2480
122,Jo,Ilyinykh,jilyinykh3d@networksolutions.com,Male,90.94.150.83,FR76 0020 5483 8853 A6HT LBGB 881
123,Elton,Martinek,emartinek3e@gnu.org,Male,27.80.222.79,DK78 6973 6925 1612 96
124,Seamus,Brownsey,sbrownsey3f@diigo.com,Male,185.83.170.127,LB42 9612 HQOH ON55 VR2K ITP6 XSHY
125,Antonin,Sam,asam3g@vkontakte.ru,Non-binary,125.123.254.141,VG70 UCPT 5775 0191 4030 6990
126,Adria,Corish,acorish3h@ning.com,Bigender,101.185.195.105,SK09 4216 9350 1526 6310 2572
127,Maxie,Hammerberg,mhammerberg3i@hhs.gov,Genderfluid,91.145.114.128,FR19 7091 6285 31JO L59P UXM1 D68
128,Nissy,Splaven,nsplaven3j@blinklist.com,Female,97.131.86.199,GB43 VQZL 6634 7950 8045 42
129,Zarah,Garstang,zgarstang3k@stanford.edu,Female,108.82.16.56,GR19 3051 004Z 0SBE IT0M JXNN WH0
130,Yolanda,Elderkin,yelderkin3l@elpais.com,Female,242.119.29.202,CH74 6415 2ICX J4JA JN4U Q
131,Tristam,Hallums,thallums3m@vkontakte.ru,Bigender,117.80.255.207,LT96 6195 1140 0121 8698
132,Drucie,Sink,dsink3n@stumbleupon.com,Polygender,100.50.203.197,DK92 8397 7031 1151 78
133,Ali,Queripel,aqueripel3o@thetimes.co.uk,Female,55.207.194.47,GB78 GSDG 7155 2470 0148 58
134,Billy,Templar,btemplar3p@mashable.com,Female,174.52.87.251,GI16 PBHB CQH0 QOBB L03T WNO
135,Deonne,Acedo,dacedo3q@telegraph.co.uk,Female,182.234.133.157,IS60 6355 7394 2130 3902 8452 00
136,Aeriel,Roskelley,aroskelley3r@tiny.cc,Agender,106.118.90.68,BH61 XUHK EJVB AL20 HYFB MC
137,Egon,Hallowes,ehallowes3s@eventbrite.com,Male,162.240.154.235,FR35 0501 4524 80IF THTD YMZE A07
138,Delly,Haquin,dhaquin3t@home.pl,Genderqueer,29.166.20.49,SK59 1850 6843 3511 7291 6227
139,Berny,Erwin,berwin3u@yandex.ru,Female,154.155.144.26,NL36 STWD 3248 5449 96
140,Christy,Neeson,cneeson3v@yelp.com,Male,180.167.34.252,CH40 3523 1LAM JLNG NXAF W
141,Bertine,Aksell,baksell3w@patch.com,Female,102.192.122.230,AL33 6685 0703 SQUI FGO0 NAFE 4DE4
142,Jilly,Jeffrey,jjeffrey3x@ustream.tv,Female,207.66.1.91,BE86 4289 2298 4880
143,Zilvia,Myford,zmyford3y@globo.com,Female,157.88.143.195,IS43 1186 0410 6628 7373 6662 84
144,Graham,McCrachen,gmccrachen3z@domainmarket.com,Male,184.204.130.66,MR81 5594 5767 5728 6005 9322 997
145,Alie,Delany,adelany40@princeton.edu,Female,58.242.40.194,CR50 1331 6205 0764 5327 2
146,Sigfried,O'Sherin,sosherin41@mapquest.com,Male,188.54.196.182,IS29 9616 6269 6498 3128 3117 31
147,Tiphany,Brazier,tbrazier42@nasa.gov,Female,120.61.41.213,EE98 4818 1545 5465 8449
148,Hannah,Verriour,hverriour43@qq.com,Female,237.170.17.65,ME93 7895 1972 1961 4794 34
149,Kore,McBeith,kmcbeith44@mashable.com,Female,223.221.243.99,DO55 BFIM 3374 8398 2099 7769 4127
150,Jared,Kanwell,jkanwell45@miibeian.gov.cn,Male,31.21.221.178,AT76 4680 2360 0853 9215
151,Elvyn,Anniwell,eanniwell46@google.com,Male,97.114.173.175,NO32 5187 5265 299
152,Stephana,Bagworth,sbagworth47@hud.gov,Female,78.186.114.88,PK66 LNPS LL9J JOSC BJGC 3IYG
153,Trev,Yeates,tyeates48@samsung.com,Male,32.70.136.254,LT24 5659 0728 7893 6426
154,Marvin,Winkworth,mwinkworth49@ted.com,Male,51.113.66.236,DO16 QXSR 3290 1303 1537 6568 7408
155,Angelo,Bauman,abauman4a@etsy.com,Genderfluid,239.204.231.18,MD28 MEKH 3UMQ DMDZ HDZ5 D9D4
156,Adeline,Haskur,ahaskur4b@usa.gov,Female,199.232.232.71,IS06 8387 8272 6885 6878 4803 34
157,Jud,Barzen,jbarzen4c@dropbox.com,Male,208.43.234.92,AZ92 GHYO GIO4 CQXE E7FC KNPT OFJJ
158,Danie,Szepe,dszepe4d@google.com.hk,Genderqueer,47.39.6.184,TN05 5911 3630 2882 5916 1377
159,Gleda,Shotter,gshotter4e@tinyurl.com,Genderfluid,49.59.51.156,BH24 RHBW SCRG S9IA WD1T HN
160,Rubin,Fairlamb,rfairlamb4f@aol.com,Male,209.224.102.206,BG41 FKHC 3422 84NW MMX1 TS
161,Sanderson,Clarkson,sclarkson4g@mayoclinic.com,Male,134.100.109.143,PT70 7757 6196 9676 3040 6180 1
162,Michaeline,Saffen,msaffen4h@dedecms.com,Female,96.0.220.64,FR26 2581 5231 38RU VZOR KWGT O33
163,Kaitlin,Joddins,kjoddins4i@mediafire.com,Female,20.176.48.236,AT28 9037 2436 7414 8033
164,Tatiana,Curds,tcurds4j@com.com,Bigender,41.77.207.133,CY64 7335 2063 SK4V ATIZ K1MY XBWZ
165,Ivett,Edgeworth,iedgeworth4k@studiopress.com,Female,242.139.30.210,FR65 9919 0699 2488 I1FL YLBI U46
166,Tybalt,Giovannilli,tgiovannilli4l@ustream.tv,Male,205.90.29.108,ME26 9009 9566 1034 3125 59
167,Bailey,Wyse,bwyse4m@w3.org,Male,209.52.158.34,TN94 4259 3912 9758 7287 2640
168,Freeman,Gerrill,fgerrill4n@bluehost.com,Male,46.125.236.247,FR16 9518 2941 67UU ZZS8 QDB9 F14
169,Hobie,Witton,hwitton4o@yellowpages.com,Male,34.177.183.252,MK96 120P IA5E Y7TB S06
170,Kally,Croney,kcroney4p@usa.gov,Female,113.140.6.205,FR02 1439 5648 51F8 7EXH WBJZ 958
171,Alfredo,Mackrell,amackrell4q@army.mil,Male,79.197.50.198,ES89 1572 2558 0681 4928 4215
172,Jim,Fisbey,jfisbey4r@homestead.com,Male,202.210.151.251,GE41 EI10 1399 6071 9054 63
173,Eunice,Fenich,efenich4s@mac.com,Female,148.68.155.89,RO30 NVJH YOKQ 3V8H TVKM C7X0
174,Reine,Dever,rdever4t@people.com.cn,Female,85.29.154.97,AT29 7585 5074 1532 4265
175,Ladonna,Laugharne,llaugharne4u@goo.ne.jp,Female,60.65.159.134,RO95 ZJBE JCPH GFNS UZDZ JGPP
176,Daisi,Kochlin,dkochlin4v@usa.gov,Female,65.77.72.167,LB43 8592 RVS5 XIUI AQOP FFZD UT01
177,Tonnie,Burnell,tburnell4w@msu.edu,Male,176.15.21.230,TR61 1265 3JMT KMGD FZPG DHWI CI
178,Damon,Spiring,dspiring4x@msu.edu,Male,62.0.29.96,IL51 9941 0665 0751 3940 671
179,Kendra,Blackford,kblackford4y@dailymotion.com,Female,48.9.237.198,PL28 6449 0384 0838 1363 0663 6798
180,Joela,Crannis,jcrannis4z@nymag.com,Female,47.172.205.13,SM98 B270 2366 941N WBBO ZEEN MII
181,Albertina,Matevosian,amatevosian50@harvard.edu,Female,160.75.206.149,LV63 XGXM LXWD ZMYO LBRH T
182,Catherina,Rabier,crabier51@yellowbook.com,Female,205.131.95.253,TN53 7801 7763 6966 3907 0183
183,Grier,MacLaig,gmaclaig52@odnoklassniki.ru,Female,184.60.189.193,CZ83 2480 8272 5775 2372 7050
184,Augustine,Cowdery,acowdery53@altervista.org,Male,101.118.175.85,AZ54 LJCZ ZDU8 86WN DMOS KEXC 5WWO
185,Roseann,Templeman,rtempleman54@skyrock.com,Female,255.155.69.221,GL63 3990 8368 0592 94
186,Tirrell,Khomishin,tkhomishin55@google.es,Male,141.170.120.159,HU62 1544 3142 4551 8179 8492 3069
187,Rubetta,Heynen,rheynen56@tmall.com,Female,6.223.59.202,FR69 7868 8784 45QH 9R35 IVFN A92
188,Deloris,Piesold,dpiesold57@tinyurl.com,Female,190.230.35.148,MR77 2128 8350 6092 3344 1403 241
189,Dulcinea,Bow,dbow58@domainmarket.com,Female,205.200.134.10,FO55 8030 6566 2600 11
190,Carlita,Payton,cpayton59@ted.com,Female,227.202.248.24,HR28 0157 0978 1832 3052 5
191,Nial,Syred,nsyred5a@squarespace.com,Male,15.112.143.255,ES12 6367 7671 0224 0724 3202
192,Hanny,Quogan,hquogan5b@flickr.com,Female,102.220.217.82,HR60 3134 0921 9215 4764 3
193,Jodie,Conville,jconville5c@cmu.edu,Female,200.58.151.142,KZ24 082P 49DH 42PJ NJ5U
194,Maryanne,Orrell,morrell5d@techcrunch.com,Female,34.129.21.43,VG25 GBPL 7182 1845 4126 2575
195,Elvira,Savoury,esavoury5e@ted.com,Female,126.113.189.197,BE84 5717 0313 5665
196,Hailee,Tuck,htuck5f@reverbnation.com,Agender,252.253.234.85,KZ09 2702 VLXG AY2G QOWP
197,Ambrose,Maxwell,amaxwell5g@howstuffworks.com,Male,7.18.73.174,BR11 1902 9607 9403 5438 8159 689K S
198,Sheffy,Dalby,sdalby5h@twitter.com,Male,119.180.56.100,IL20 7049 7106 4807 8161 480
199,Ammamaria,Heake,aheake5i@free.fr,Female,166.192.90.137,GB56 DFNM 6421 0425 8337 91
200,Alfy,Iacovaccio,aiacovaccio5j@acquirethisname.com,Male,217.202.167.178,IL24 9563 9471 8528 4665 953
201,Sarita,Decort,sdecort5k@twitter.com,Bigender,87.65.194.89,FR30 0256 3735 35CL 1TXU KL4G S45
202,Wilona,Allsworth,wallsworth5l@zimbio.com,Female,233.56.16.244,CH91 7483 2BOU SDAE CDZ7 E
203,Avivah,Maddox,amaddox5m@ovh.net,Female,207.185.43.185,FI74 9013 7019 0392 54
204,Norean,Solan,nsolan5n@360.cn,Female,29.162.215.177,TN96 2779 1068 0707 9580 2823
205,Bree,Edmead,bedmead5o@weibo.com,Non-binary,54.170.152.122,FR13 1050 9222 32BF EMOV 4K43 F96
206,Dierdre,Evens,devens5p@eventbrite.com,Female,187.190.79.199,MD48 JB0I Q97K GXOU JWUC PPW7
207,Richart,Curl,rcurl5q@edublogs.org,Male,215.43.90.84,DE50 7350 6849 4314 9769 66
208,Zelda,Emburey,zemburey5r@dropbox.com,Female,230.43.6.19,HR54 2587 4254 0829 9471 3
209,Wit,Cotmore,wcotmore5s@nature.com,Male,34.86.162.81,FR62 8809 4026 61LW YTPS YG55 W52
210,Claribel,Stouther,cstouther5t@japanpost.jp,Female,220.110.124.93,IT82 F533 2241 146T T0HC MK8P ZSA
211,Randal,Dodding,rdodding5u@nsw.gov.au,Polygender,149.220.175.134,BR76 6613 3861 8207 1701 1673 058N O
212,Andreana,Giaomozzo,agiaomozzo5v@google.co.jp,Female,59.29.30.244,SI16 7962 4740 1526 897
213,Antons,Gritton,agritton5w@scientificamerican.com,Male,97.73.58.0,MU91 ZOCD 8098 6025 3942 8978 832V VM
214,Toddie,Wingrove,twingrove5x@123-reg.co.uk,Male,157.200.255.216,FR46 1301 0610 65BT QIUY XJVQ J20
215,Peta,Garshore,pgarshore5y@oaic.gov.au,Female,59.9.84.76,IT70 W360 1875 129D 1BXM CK4K ENC
216,Sadye,Gofton,sgofton5z@ucoz.ru,Female,51.219.114.106,LV26 NJLK KGRP SULK WSXG P
217,Everard,Tuley,etuley60@wiley.com,Male,224.254.118.39,TR11 9861 1JTP 94XR ZFL3 QUA1 W9
218,Gregorio,McConaghy,gmcconaghy61@privacy.gov.au,Male,154.12.46.6,BE91 8214 7950 7507
219,Edouard,Linnard,elinnard62@ow.ly,Male,167.224.99.123,FR41 4400 1876 21RV HZXY KNVB T36
220,Rhianna,Burlingham,rburlingham63@istockphoto.com,Female,39.222.42.180,NL89 VEZW 6351 1846 00
221,Gale,Brisson,gbrisson64@de.vu,Male,126.252.20.52,NO46 6419 7581 671
222,Wheeler,Troctor,wtroctor65@jigsy.com,Male,100.206.57.225,PK77 RENL 3JP1 SXRB SP2E DTSG
223,Bram,Lowe,blowe66@fastcompany.com,Male,252.205.87.29,CY30 9495 5238 4WXB B427 PGLB 1FJC
224,Johnathon,Giovanitti,jgiovanitti67@com.com,Bigender,106.254.55.55,SE73 9258 1955 1786 4293 4670
225,Quincy,Visick,qvisick68@who.int,Male,219.120.207.218,DE49 1364 2391 7161 4179 94
226,Shanda,Irons,sirons69@irs.gov,Female,84.123.32.137,CZ53 7223 2835 1426 6865 9407
227,Abie,Lurner,alurner6a@theguardian.com,Agender,81.186.9.234,FR32 3026 3638 527N LYP5 GQP7 I89
228,Bayard,Ballister,bballister6b@army.mil,Male,183.241.4.31,KW81 YWVV 6Y98 EQQT J5PX AE5C FK7O LM
229,Idell,Brobeck,ibrobeck6c@google.es,Female,250.206.31.112,DK05 4589 6621 2722 11
230,Anny,Di Claudio,adiclaudio6d@woothemes.com,Female,66.98.133.169,SA95 64QO XSXA 1Y6F FU1Q BHDG
231,Griffie,Dybald,gdybald6e@github.io,Male,112.89.176.30,HR03 1165 1490 9710 8376 0
232,Bogey,Knibbs,bknibbs6f@pinterest.com,Male,56.22.36.1,FR03 4933 2004 116G 95XR LV0U 338
233,Sammy,Thaw,sthaw6g@google.ca,Male,169.255.55.250,LB60 4822 VVTX BPAY 45H1 QDI4 CUVO
234,Titos,Dimont,tdimont6h@ucoz.com,Male,192.62.11.72,AT20 1620 1765 0582 8217
235,Ailina,Bursnall,abursnall6i@odnoklassniki.ru,Female,95.106.108.60,SM23 Z456 4425 4156 ATRB JTZ6 35T
236,Maudie,McRorie,mmcrorie6j@timesonline.co.uk,Female,132.167.239.189,VG17 CTEA 4724 9433 0786 1375
237,Fawn,McCalum,fmccalum6k@liveinternet.ru,Female,162.0.140.55,KZ89 5547 PS4I DKQ1 S7CR
238,Chicky,Deetlof,cdeetlof6l@businesswire.com,Male,252.68.13.149,LI18 9413 1IUI 9H7M XGON D
239,Reggy,Miskelly,rmiskelly6m@globo.com,Male,250.235.115.8,FR93 2791 7607 47EI FOW5 4ALC 969
240,Sinclair,Challicombe,schallicombe6n@mlb.com,Male,109.106.33.179,FR65 9304 1232 359V JGTY ZKGE F47
241,Aymer,Barensen,abarensen6o@howstuffworks.com,Male,91.197.222.43,SA68 23IO HVHG JLML BRVR 6NO5
242,Martyn,Purchon,mpurchon6p@ezinearticles.com,Male,139.200.157.249,GL80 1783 5521 8766 34
243,Lou,Davidesco,ldavidesco6q@blogtalkradio.com,Female,173.39.83.71,NO82 6282 9565 579
244,Dall,Capinetti,dcapinetti6r@tripadvisor.com,Male,79.242.0.74,FR26 4463 8620 03QV SIBP NJUD H53
245,Opal,Osmund,oosmund6s@studiopress.com,Polygender,222.179.233.13,RS66 2371 7305 9305 3465 38
246,Carlin,Cartledge,ccartledge6t@uiuc.edu,Male,238.203.66.109,IS37 6918 8522 8059 9139 1265 84
247,Felike,Dalbey,fdalbey6u@wordpress.org,Male,5.154.93.98,FI81 4744 9680 3910 26
248,Bailey,Bellard,bbellard6v@msu.edu,Male,89.219.15.244,PS76 PEEE KO0Y EKEU KB2U 4ZBU IXJX G
249,Allie,Riccardini,ariccardini6w@bbc.co.uk,Female,39.2.74.126,ME53 6923 9367 0905 4552 65
250,Kiley,Lacroix,klacroix6x@bing.com,Female,88.203.53.34,MR29 9425 0234 8743 1527 6136 374
251,Merilee,Betje,mbetje6y@europa.eu,Female,193.151.188.69,DE13 5206 4915 9874 6095 95
252,Rory,Philippou,rphilippou6z@spotify.com,Female,255.116.158.86,LU23 235T CTRS TYC0 XC3K
253,Jodee,Danielski,jdanielski70@delicious.com,Female,60.27.144.143,PT03 3569 0652 9018 7169 8750 8
254,Charmine,Wetton,cwetton71@arizona.edu,Female,110.63.190.162,FR62 9519 0621 94R1 UR5L RWZ8 779
255,Bobbe,Forster,bforster72@scribd.com,Female,91.27.74.65,HR55 6815 4433 0551 2004 2
256,Mylo,Romera,mromera73@newyorker.com,Male,97.133.191.68,RS64 4202 9951 3690 6510 43
257,Lanita,Noice,lnoice74@cnn.com,Female,116.231.35.248,BA18 3060 6060 4893 7002
258,Shelby,Stoacley,sstoacley75@reference.com,Male,215.150.147.10,FR31 7851 0345 78PQ X3LF EI9N O66
259,Dewitt,Berndtsson,dberndtsson76@cornell.edu,Male,235.112.234.59,SA26 09RS B6NA RR4R IO23 B7YX
260,Jacintha,Blakey,jblakey77@livejournal.com,Female,137.153.11.221,IT51 E429 3711 049L S14L GO3R 7UG
261,Darcey,Isherwood,disherwood78@pinterest.com,Female,58.133.24.82,CH53 0203 8UBC FMKP RRJG I
262,Tyson,Roja,troja79@drupal.org,Bigender,0.141.202.42,CH54 7519 8W3P NL7A NKOH M
263,Vania,Davoren,vdavoren7a@themeforest.net,Female,150.228.67.221,AL72 8935 9455 HEKD PP8J VVGZ SLPI
264,Thorn,Rochester,trochester7b@miitbeian.gov.cn,Bigender,195.186.250.239,CR15 3798 2784 8075 9388 7
265,Aylmar,Haselden,ahaselden7c@indiatimes.com,Male,34.67.56.181,LV77 WFQP W41P RE6E SJQD L
266,Almeda,Slocomb,aslocomb7d@youku.com,Female,216.176.26.163,GR05 1735 978M MGPR 3TN0 SUB6 4TJ
267,Margy,Heppenspall,mheppenspall7e@cpanel.net,Female,182.105.10.94,PT02 9265 4048 9947 3901 8723 1
268,Evy,Gosalvez,egosalvez7f@home.pl,Female,186.80.85.21,AL53 1568 4587 Z1TN AUSF NYES QW7E
269,Greer,Garaway,ggaraway7g@google.com,Female,235.146.163.82,MU66 RBZR 3146 3369 3620 4135 213R JZ
270,Waldo,Hardinge,whardinge7h@smugmug.com,Male,36.172.253.226,LB40 6412 ZBE8 MIX2 ZMEK P9I0 KRNF
271,Steffie,Weetch,sweetch7i@dion.ne.jp,Female,99.61.206.228,CY55 8049 1160 A4MN QWGQ UW4H MEPM
272,Igor,Farriar,ifarriar7j@ocn.ne.jp,Male,60.8.173.122,FR86 0706 6046 18R8 FU02 YPZO Q01
273,Reider,Riccioppo,rriccioppo7k@mayoclinic.com,Male,58.195.250.24,PT83 2669 7201 9388 1404 2060 5
274,Davidde,Wylie,dwylie7l@yandex.ru,Non-binary,52.167.46.56,IT36 U038 8178 288K LNRL 56VF UXG
275,Darline,Moggan,dmoggan7m@nymag.com,Female,34.155.151.33,AT06 7950 4927 3793 3498
276,Howard,Akast,hakast7n@g.co,Male,170.253.168.64,ME57 3955 9596 4071 9417 21
277,Berty,Stirley,bstirley7o@baidu.com,Female,91.117.110.96,CR34 8277 9937 7957 3210 7
278,Norri,Duinbleton,nduinbleton7p@uol.com.br,Female,246.93.154.237,NL13 MQSJ 4629 1627 55
279,Frankie,Cutten,fcutten7q@list-manage.com,Male,114.207.173.203,FR58 3108 3020 83W6 CD5T XFSY R52
280,Gerrard,Hexum,ghexum7r@clickbank.net,Male,155.152.4.178,MK85 301U ECCL TKIL E72
281,Carly,Burgot,cburgot7s@dailymotion.com,Male,166.33.92.83,BA03 4198 1362 2000 7844
282,Ashil,Lowing,alowing7t@istockphoto.com,Female,41.253.223.43,PT96 7471 8481 5408 3211 5929 9
283,Dayle,Enrietto,denrietto7u@tripod.com,Female,187.107.241.86,FR06 3680 3241 60HL WFLC AFFY A06
284,Roldan,Sturt,rsturt7v@blinklist.com,Male,29.159.62.14,DK55 0424 5017 7043 62
285,Ricardo,Klugman,rklugman7w@people.com.cn,Male,109.211.34.247,FR20 2504 2182 44GN 8ZIW KFTB B86
286,Krishnah,Martineau,kmartineau7x@yahoo.com,Male,227.191.62.158,GT30 N2YP AIJX TNSF A6DD 0OWP E5HV
287,Smitty,Tellenbrook,stellenbrook7y@blogtalkradio.com,Male,210.227.230.199,MU76 LSTK 5839 8067 4364 8202 767Z UE
288,Odille,Pirrone,opirrone7z@twitter.com,Female,226.154.241.42,IT62 V408 5578 610U 02MJ VKZH JAH
289,Portia,Daudray,pdaudray80@ucoz.ru,Female,76.153.233.90,EE41 0024 9507 2689 3560
290,Wayland,Pevreal,wpevreal81@free.fr,Male,76.148.4.172,FR27 7962 5632 85T7 AEYV MEKY K57
291,Garrard,Ruppel,gruppel82@soundcloud.com,Male,27.110.164.134,GL14 5157 3546 4922 81
292,Florella,Dykins,fdykins83@mediafire.com,Female,128.130.57.29,IT55 N250 7970 773C VAGL AOWC AWS
293,Erick,Pinkard,epinkard84@sakura.ne.jp,Male,104.84.147.106,IL47 0382 4285 6496 1860 845
294,Fransisco,Lettuce,flettuce85@biglobe.ne.jp,Male,170.83.26.242,FR45 1878 3567 20WU KSHA 5JTU H89
295,Saraann,Spatarul,sspatarul86@google.es,Female,229.51.51.112,CR62 0659 2204 2861 1461 1
296,Tressa,Gorvette,tgorvette87@t.co,Female,243.84.96.76,DK17 4332 7666 9896 93
297,Ammamaria,Berends,aberends88@symantec.com,Female,181.52.193.177,FR49 9616 0110 87TA SU6E JLCJ W99
298,Bethanne,Langdon,blangdon89@indiegogo.com,Female,133.220.222.152,FR72 5452 4169 52PN R6LA DH4R O73
299,Kinnie,Grisley,kgrisley8a@huffingtonpost.com,Male,206.5.229.250,MC05 0908 3755 12TG SZAH MCJB 583
300,Grange,Grix,ggrix8b@aboutads.info,Male,200.54.223.55,PT39 7913 1846 1495 9286 0899 7
301,Sigrid,O' Donohue,sodonohue8c@cbsnews.com,Female,129.230.177.230,FR31 7960 8823 715Z DYX0 IEA5 199
302,Paddie,Pawelek,ppawelek8d@diigo.com,Male,67.230.58.5,BG57 HQBI 3918 370O 4IFJ CU
303,Vinny,Smellie,vsmellie8e@deliciousdays.com,Female,79.211.140.90,VG16 MHTC 6672 8279 4758 8610
304,Tull,De Malchar,tdemalchar8f@newyorker.com,Male,196.40.239.24,EE28 7861 7777 6365 5528
305,Karlyn,Addinall,kaddinall8g@reuters.com,Female,18.218.64.216,PK20 JFNB RH8L J6E6 GTJ1 1PJP
306,Adena,Slay,aslay8h@mail.ru,Female,185.1.136.130,FR94 5020 2051 97HD LL11 55JP D99
307,Lauren,Leamy,lleamy8i@narod.ru,Male,110.69.59.242,BG28 LBRY 8098 31CF 8N9C 3C
308,Harley,Stolz,hstolz8j@marketwatch.com,Female,225.196.190.83,FR70 7554 6972 600F G9DJ 8KE9 E62
309,Forrester,Tertre,ftertre8k@surveymonkey.com,Male,227.10.205.74,FI02 9313 0194 3329 27
310,Gerard,Bucham,gbucham8l@illinois.edu,Male,9.172.216.20,MR06 8981 7507 4131 8496 7860 791
311,Melly,Itzkovici,mitzkovici8m@goodreads.com,Female,68.179.70.139,AE06 8055 5580 2281 3090 606
312,Daphene,Di Angelo,ddiangelo8n@oakley.com,Female,106.5.131.47,BH22 VKJV SINT WMAA TJ6I CJ
313,Lucais,Foulis,lfoulis8o@moonfruit.com,Male,79.120.117.192,FR20 2895 1928 83Z8 COML AAUI G52
314,Elisabet,Hens,ehens8p@usgs.gov,Female,246.204.130.130,PS91 WVFD CXYX JBPU AGX9 FJJW W88T 5
315,Tadeo,Ledson,tledson8q@t-online.de,Genderfluid,31.222.240.110,HR33 0123 2879 7900 4370 7
316,Rollie,Icom,ricom8r@home.pl,Bigender,210.56.41.115,SA95 45LP AXUQ X2IO ULGL 9U71
317,Alanah,Costelow,acostelow8s@gravatar.com,Female,189.192.117.243,AZ65 QMUO KCTW OHUG UJC5 NRH2 R2EB
318,Hale,Tongue,htongue8t@trellian.com,Male,167.254.219.210,BR29 9238 4476 8551 4785 5215 614U I
319,Pinchas,Bromehed,pbromehed8u@kickstarter.com,Male,22.140.166.199,SK18 2480 9599 3613 7246 6936
320,Gilly,Odcroft,godcroft8v@amazon.de,Female,28.94.51.172,MR41 0966 0930 1837 1178 1871 751
321,Thorvald,deKnevet,tdeknevet8w@google.com.br,Male,70.157.11.209,LI87 6139 25WJ 1QP5 0C2C 5
322,Lynnelle,Tinkler,ltinkler8x@google.com,Female,105.249.101.138,LU59 3929 EIOQ A3ZU EPVJ
323,Kira,Byard,kbyard8y@skype.com,Female,33.123.142.162,FR48 3249 4466 8903 WQUB 7DCW Z56
324,Tabbatha,Sponton,tsponton8z@shop-pro.jp,Female,10.19.148.130,LU03 545B OKWM AP10 RZJP
325,Phelia,Jeffcoate,pjeffcoate90@shinystat.com,Female,43.189.34.15,ES45 0293 7311 2260 3880 2795
326,Corrie,Rosoni,crosoni91@amazon.de,Male,5.44.106.53,AZ58 LFHI JA7S 3A0Q CV8I L77G VNLU
327,Penny,Menpes,pmenpes92@trellian.com,Male,103.239.243.102,AT28 4318 2299 4730 7636
328,Dulcea,Sherburn,dsherburn93@rambler.ru,Female,199.97.228.29,KW22 RCDH UIFH U3SJ LA8L VDLZ VAB7 HX
329,Adella,Allaway,aallaway94@columbia.edu,Female,85.197.139.43,GT43 X8OF BWHI YIUD SNBO IAUO TNH1
330,Laurena,MacKaig,lmackaig95@umich.edu,Female,251.230.162.4,BG89 KYQV 1225 01QY HGMJ 5K
331,Amara,Haken,ahaken96@mozilla.org,Female,238.128.115.18,FR53 3844 0732 99ES PCHC ESSE D60
332,Standford,Cutill,scutill97@mapy.cz,Genderfluid,85.160.226.16,BR16 4947 7217 8933 3155 3721 286B 2
333,Astra,Plaid,aplaid98@oakley.com,Agender,195.2.195.217,PK08 SGMI AYHX S5CQ 9PXT LNF9
334,Nikolia,Risen,nrisen99@state.gov,Female,188.49.21.128,LI10 6669 93DD EKAA VGWH J
335,Malvin,Stentiford,mstentiford9a@ameblo.jp,Male,90.7.148.185,DK87 3068 7483 5646 84
336,Delaney,Bamber,dbamber9b@blogspot.com,Male,101.167.163.23,FR17 2491 9591 16OC N4FD KLWC U91
337,Stavro,Perrottet,sperrottet9c@indiatimes.com,Male,183.37.17.103,MD92 GW6U E7D6 KXXN HOZ5 SN2P
338,Felice,Raigatt,fraigatt9d@comcast.net,Female,211.11.182.101,HU09 7395 9864 6112 9854 1489 8344
339,Arlen,Christoforou,achristoforou9e@soup.io,Female,202.92.197.201,GT12 MN9H YQXI P7QD MN28 M6JK GCED
340,Verile,Garvin,vgarvin9f@xinhuanet.com,Female,123.86.77.237,FO95 0556 6942 8872 56
341,Carmita,Steddall,csteddall9g@java.com,Female,66.63.117.31,RO27 VFTA DN8J DWMO UIR6 E3FM
342,Myrna,Cello,mcello9h@spotify.com,Female,11.175.236.130,PK15 RTFI 0IU9 RVA5 IDBN YUWV
343,Salvidor,Goldspink,sgoldspink9i@miibeian.gov.cn,Male,115.170.216.35,GI29 XDCH SKNK FAZZ WJLI 7ZR
344,Toni,Bourget,tbourget9j@meetup.com,Female,161.118.119.3,LT51 2083 8872 0467 1735
345,Jocelyn,Flea,jflea9k@gizmodo.com,Female,226.37.60.161,RS27 4362 7950 0679 6184 87
346,Annamarie,Dallaghan,adallaghan9l@deliciousdays.com,Female,204.20.17.174,HR29 7674 2195 1818 9064 6
347,Moll,McCathy,mmccathy9m@go.com,Female,69.170.3.54,CZ08 6747 4892 6644 6727 5022
348,Mohandas,Huyhton,mhuyhton9n@diigo.com,Genderfluid,21.30.231.173,AT04 8919 5132 7067 7662
349,Karlik,Sprowle,ksprowle9o@intel.com,Male,170.29.9.114,EE80 8908 3949 9347 0150
350,Bebe,Ravilus,bravilus9p@slate.com,Female,36.176.124.174,FR48 5439 5305 01UF JRVV OAKD 570
351,Giustino,Mulvin,gmulvin9q@edublogs.org,Male,130.52.144.161,RO44 HQGG PTRS IJH1 SAQN EMH5
352,Connie,Moffett,cmoffett9r@nih.gov,Female,98.168.65.135,ME81 8056 3321 3964 0518 84
353,Ania,Alabaster,aalabaster9s@sina.com.cn,Female,18.207.109.51,DE65 6692 8524 9375 9797 67
354,Norry,Girardot,ngirardot9t@columbia.edu,Male,96.14.220.248,FR62 1937 5811 11ZF G2TX 0NUQ P40
355,Loutitia,Gainsboro,lgainsboro9u@abc.net.au,Bigender,206.25.243.20,SK33 3395 4721 8047 0295 6172
356,Joya,Squeers,jsqueers9v@arizona.edu,Female,111.181.26.103,MK82 690F A6ZM FIEG P68
357,Avril,Edmondson,aedmondson9w@blog.com,Female,62.29.28.40,PL03 7789 9308 7627 2329 6575 1318
358,Gan,Alessandretti,galessandretti9x@webs.com,Male,132.202.202.251,GL23 8028 0186 3293 49
359,Deloris,Presnell,dpresnell9y@devhub.com,Female,187.9.97.159,GR03 9938 751Z DU2V X96P KLKW ABQ
360,Ellery,Hullah,ehullah9z@oracle.com,Agender,169.87.211.102,MC56 7770 6125 67OD R5IH IHL7 J11
361,Alvinia,Rosenblath,arosenblatha0@google.fr,Female,140.43.20.45,FR48 8320 5806 24ID UZGH CUFC A83
362,Madison,Gunner,mgunnera1@google.it,Genderqueer,140.22.53.117,LT30 4914 2867 4388 2540
363,Ragnar,Klasing,rklasinga2@mediafire.com,Male,205.39.112.4,GB70 AASW 6751 2925 3208 56
364,Shelba,Klimmek,sklimmeka3@time.com,Female,79.26.168.43,DO91 DPQC 6474 0154 7107 1303 6596
365,Meryl,Backhouse,mbackhousea4@feedburner.com,Male,228.12.117.139,FR57 6598 9919 09AG 6H4I KHRH Z56
366,Chip,Thaim,cthaima5@dmoz.org,Male,135.177.124.68,LB13 8893 EJWD I1D3 VDVG PAN3 WBMC
367,Felice,Cowen,fcowena6@stanford.edu,Female,194.139.220.5,BG36 MPGN 9303 41D6 NKXW WM
368,Beau,Haggarth,bhaggartha7@cdc.gov,Male,141.80.233.200,FR97 9283 0763 91RB 9UG9 TMLJ O16
369,Ulysses,Vigors,uvigorsa8@360.cn,Male,82.255.16.30,CH83 2947 4K9X C0LX IFE3 D
370,Fedora,Vasiljevic,fvasiljevica9@omniture.com,Female,242.90.220.26,MU97 HLHL 4709 3494 8682 7297 253B WZ
371,Wyndham,Bracco,wbraccoaa@cdbaby.com,Male,111.96.0.116,CY42 3024 2834 OYML RKF9 DTDF WZS0
372,Sherwin,Trollope,strollopeab@plala.or.jp,Male,213.219.240.123,ES98 0609 9051 7360 8827 8665
373,Alysia,Pringer,apringerac@noaa.gov,Female,223.107.62.187,IT09 Z102 5530 350M LUPJ 2IOP IRR
374,Emilio,Draye,edrayead@upenn.edu,Male,107.39.196.245,FO53 6904 0552 7554 07
375,Andrej,Iorizzi,aiorizziae@thetimes.co.uk,Male,253.145.181.118,MT89 VUDW 8899 4RSE OLZU VVJH 5OZB ZR2
376,Berenice,Fancutt,bfancuttaf@ted.com,Female,39.91.64.97,GL30 6593 3171 2108 85
377,Marvin,McSwan,mmcswanag@harvard.edu,Genderfluid,198.206.95.132,BA67 7183 9249 1182 7486
378,Sharity,Reddan,sreddanah@so-net.ne.jp,Female,208.185.93.184,AZ82 NFNO RQPH UFEV XIZU KTEE S0GK
379,Rora,Leppo,rleppoai@sphinn.com,Genderfluid,191.163.74.160,FR35 2755 4903 48HE 4BTW MCI2 Z33
380,Cassandra,Freeland,cfreelandaj@csmonitor.com,Female,31.30.106.77,AL32 3364 8642 RADM EI2S WZAZ U4PG
381,Ariela,Rounce,arounceak@php.net,Female,208.175.198.139,BA74 0224 1066 5350 5674
382,Horten,Antoniewicz,hantoniewiczal@mail.ru,Male,213.123.56.159,PS10 YVVI WH6X M2OM 8WUC NQWI LFAZ P
383,Joell,Estcot,jestcotam@kickstarter.com,Female,155.196.163.77,PT70 9881 7342 6995 9346 8231 7
384,Tracey,Lyddy,tlyddyan@squidoo.com,Female,86.217.190.251,IE15 EHFX 8696 5380 8394 81
385,Ivor,Lengthorn,ilengthornao@github.com,Male,108.233.252.152,FR90 4768 6993 81QK BOGE CVAX 140
386,Hoyt,Sturr,hsturrap@gizmodo.com,Male,201.60.251.111,AT14 0803 0980 1309 2912
387,Conant,Esby,cesbyaq@etsy.com,Male,70.233.245.238,IL23 0677 4075 0288 2550 168
388,Lauryn,Scotchford,lscotchfordar@1und1.de,Female,220.65.103.244,IS39 1327 6943 1970 6594 6428 72
389,Therine,Scraney,tscraneyas@behance.net,Female,160.208.22.115,FR11 5919 2852 907Z OBWM V0PK J12
390,Sanson,Storck,sstorckat@bbb.org,Male,25.39.101.125,GT44 ZADA IPUJ HBTO OMLW Z2ZD WYXP
391,Nadine,Cockrill,ncockrillau@jalbum.net,Female,95.114.181.109,BR14 5482 2347 6339 4706 7314 596F V
392,Mead,McCready,mmccreadyav@techcrunch.com,Male,208.174.196.171,MD11 QGSY TZRK AOJB ZCTF FZNF
393,Bat,Newcomb,bnewcombaw@wordpress.org,Male,127.57.127.199,MR23 3817 3048 6390 2141 2901 978
394,Rafaellle,McGilvray,rmcgilvrayax@w3.org,Male,32.107.92.8,TR26 6341 8JBK 0SV8 VLUY 7UTQ JU
395,Hestia,Thompsett,hthompsettay@ca.gov,Female,33.144.177.49,FR39 2798 3208 00QU FEZ9 B21I U34
396,Denni,Feedome,dfeedomeaz@qq.com,Female,194.115.177.35,HR51 6762 7755 0067 6530 2
397,Aurlie,Teligin,ateliginb0@businessinsider.com,Female,71.78.113.124,SA58 89CH YPMF 7PZ4 YLBK TBXH
398,Milzie,Galley,mgalleyb1@deviantart.com,Female,69.1.138.147,RS29 2798 0472 1744 5419 82
399,Tiffani,Purvess,tpurvessb2@webmd.com,Female,27.26.192.131,ME17 4662 3909 9914 8425 42
400,Charmine,Comiam,ccomiamb3@springer.com,Female,91.107.24.187,EE66 1567 4649 8845 1281
401,Franklyn,O'Fallon,fofallonb4@shareasale.com,Male,94.96.165.80,FR70 7480 9932 10IR ZT2K QIGA Z65
402,Griffith,Klejin,gklejinb5@google.es,Male,66.218.142.207,AL12 5305 0331 QAON MJTS HSOV TL8R
403,Jerrold,Puvia,jpuviab6@blogtalkradio.com,Male,122.29.151.232,ES77 5802 2775 7810 0559 5859
404,Berkley,Snowsill,bsnowsillb7@forbes.com,Male,74.101.81.233,GL88 6398 2886 6132 48
405,Anatol,Bennike,abennikeb8@twitpic.com,Polygender,76.122.69.149,SK70 2453 4560 6740 4468 7089
406,Sadye,Burnyate,sburnyateb9@hc360.com,Female,97.32.140.237,SE05 2683 6685 7935 0202 3884
407,Lucian,Moncreif,lmoncreifba@stanford.edu,Male,207.137.239.150,HR17 0635 6486 7522 7534 9
408,Alejandro,Brettel,abrettelbb@wordpress.com,Male,146.40.187.46,GT98 Q6ZN SDNU JAGF 1QWK BS8H LWCQ
409,Irwin,Ryding,irydingbc@goo.gl,Male,232.237.60.181,FR54 3805 0900 771S CLEY 2LXE M74
410,Ernst,Spowage,espowagebd@loc.gov,Male,152.47.238.59,PL82 9967 0642 0989 0586 3287 9227
411,Robbyn,Garrique,rgarriquebe@nba.com,Bigender,18.150.212.129,CZ55 0112 1831 7599 7072 3233
412,Skell,Fairpool,sfairpoolbf@webnode.com,Male,137.156.48.192,FI95 9660 9167 8149 99
413,Gradey,Bollands,gbollandsbg@unesco.org,Male,25.191.27.60,MC21 0706 6875 16PL IW6V 134D B56
414,Tab,Antrim,tantrimbh@mozilla.org,Male,119.27.114.13,PL06 8210 0261 1283 4673 8777 7396
415,Frederich,Capoun,fcapounbi@jugem.jp,Male,99.7.8.174,FR09 9835 0957 18RA VNSF N4YN D93
416,Darrel,Matthaus,dmatthausbj@e-recht24.de,Male,247.99.247.182,IE30 ZQWR 6970 4661 3008 01
417,Vanna,Juszkiewicz,vjuszkiewiczbk@hibu.com,Female,197.58.244.36,DE60 3111 8588 2901 7145 95
418,Ginger,Indruch,gindruchbl@apache.org,Male,80.10.13.95,FO41 9975 5248 0660 05
419,Felita,Dorie,fdoriebm@ed.gov,Non-binary,88.122.107.192,FR69 5325 9321 97SF S8Y3 OSH7 H91
420,Caty,Waterworth,cwaterworthbn@jugem.jp,Female,63.225.59.184,IE24 LIIN 7119 5907 0843 00
421,Wini,Richardes,wrichardesbo@engadget.com,Female,13.134.185.22,LV04 RURW DVTJ 8NPC ENFK B
422,Ruperto,Lebourn,rlebournbp@harvard.edu,Male,0.106.191.205,VG92 DICG 2464 1878 2991 0044
423,Lemar,Danilovich,ldanilovichbq@csmonitor.com,Male,6.17.251.15,PS20 ADEF DKV4 MNWV BR1H GUDI LD4G I
424,Gill,Tabard,gtabardbr@privacy.gov.au,Male,93.130.152.251,RS63 0656 2112 0500 0156 48
425,Eugenius,Richly,erichlybs@shop-pro.jp,Male,227.97.149.227,AZ47 RRFB CV3Q QJGY UIFJ XPKQ YPOZ
426,Minette,Ximenez,mximenezbt@state.tx.us,Polygender,124.181.24.112,ES85 7081 7538 7938 2805 8825
427,Euphemia,Giovannetti,egiovannettibu@surveymonkey.com,Genderfluid,207.177.101.238,AZ24 RYPZ TXHE 878M IDMP A97T ODDW
428,Jeno,Fooks,jfooksbv@bizjournals.com,Male,180.181.235.133,FR19 5099 1247 01FX BSIJ ZXWZ C00
429,Othilie,Dodd,ododdbw@imgur.com,Female,191.81.200.100,SI54 0130 9761 7061 880
430,Robinet,McLelland,rmclellandbx@boston.com,Female,177.238.242.13,PK20 UUNV QIZ6 WCHF ATRQ Q1ES
431,Hedwig,Trammel,htrammelby@vimeo.com,Female,32.151.223.101,IS29 4652 3263 7505 5822 4879 30
432,Janna,Mancer,jmancerbz@vk.com,Female,234.89.50.179,AZ95 ZECZ 9EBH INSJ BNOA WXMO TKII
433,Oswell,Boardman,oboardmanc0@a8.net,Male,59.144.201.106,FR18 1990 1282 67DU UOC2 LZGF R92
434,Melodie,Starbuck,mstarbuckc1@cbslocal.com,Female,193.255.245.83,FR33 9073 6823 85PY WGUU OTJJ G76
435,Phillie,Escreet,pescreetc2@mashable.com,Female,58.215.140.45,FR16 2949 7788 96NM 5BW3 I1EN P39
436,Husein,Galpen,hgalpenc3@alibaba.com,Male,147.125.75.150,MR81 1206 8655 7153 4964 1279 894
437,Mae,Cumming,mcummingc4@bigcartel.com,Female,29.70.7.38,CZ89 6139 4628 9483 7671 8744
438,Josselyn,Goward,jgowardc5@marketwatch.com,Female,137.126.68.79,CH10 8780 3GLR HPHN 2RNE V
439,Egbert,Bushaway,ebushawayc6@netlog.com,Male,219.14.74.17,EE16 0958 6802 7166 1292
440,Jenna,Sayton,jsaytonc7@oaic.gov.au,Female,44.109.35.236,DE58 3792 4094 0524 6252 66
441,Brietta,Leebeter,bleebeterc8@squidoo.com,Female,92.98.172.220,SK77 9688 1690 3424 7990 5333
442,Court,Longstaff,clongstaffc9@netscape.com,Male,37.92.84.225,PS72 JMIL RAEP OGFK FVTC BAX6 OVMK H
443,Tobye,Dahlberg,tdahlbergca@theguardian.com,Female,178.204.111.253,IL27 4548 5284 5014 0034 305
444,Lurette,Marquis,lmarquiscb@reference.com,Female,62.221.125.170,PS45 VYQC M4VF ZCGT DMBH QJV8 LC2S W
445,Ryann,Tidbald,rtidbaldcc@etsy.com,Female,196.54.10.100,DK78 0086 0080 7304 25
446,Tandi,Ewins,tewinscd@unblog.fr,Female,50.180.80.156,GB81 XOXR 9505 5382 5796 75
447,Rowena,Marchi,rmarchice@apple.com,Female,60.209.220.11,GI87 CBID HLUX ZECX PIVF I2Q
448,Cyndia,Roughey,crougheycf@washington.edu,Non-binary,65.177.62.99,SK17 3344 0750 7389 8083 6302
449,Jackie,Welton,jweltoncg@joomla.org,Male,30.35.83.12,DK68 9837 5248 7382 41
450,Tibold,Fluit,tfluitch@hugedomains.com,Male,244.65.103.24,MD59 5MYG WTUR 3XQQ PWWU 3HCV
451,Anastasia,MacCaughey,amaccaugheyci@networksolutions.com,Non-binary,252.25.101.187,GI62 FUSK SQLH WPKY IDMA I44
452,Jacky,Engelbrecht,jengelbrechtcj@nsw.gov.au,Male,172.77.25.181,GB71 WTVA 5700 5399 8201 35
453,Caty,MacTerlagh,cmacterlaghck@opera.com,Female,9.146.138.137,FR25 8444 6791 22UG AZKI JR1H L02
454,Chico,Halhead,chalheadcl@home.pl,Male,70.42.252.151,LV14 DPDX JOPU WIBZ GRVE C
455,Hogan,Caddie,hcaddiecm@1688.com,Male,48.162.36.157,IE36 LAMH 8684 7331 3510 40
456,Cyril,Stoggell,cstoggellcn@smh.com.au,Male,176.142.252.174,FR50 6004 7113 303H OFAC 6EAN M52
457,Dorri,Jevon,djevonco@phoca.cz,Female,117.191.78.140,SM86 F924 4933 816T NTBR LEIO PO9
458,Tove,Kift,tkiftcp@geocities.com,Female,43.115.34.230,EE64 0914 1864 7537 1955
459,Giffer,Cirlos,gcirloscq@csmonitor.com,Male,218.78.79.166,GT58 OKEY ZKGW CS0W CDXR IPGO ENPW
460,Juditha,Friedank,jfriedankcr@tumblr.com,Female,92.129.143.118,EE83 7048 6737 4676 1554
461,Llewellyn,Neasham,lneashamcs@ftc.gov,Male,106.69.52.18,TN24 5946 9854 7086 7022 2316
462,Giulio,Leagas,gleagasct@ox.ac.uk,Male,35.94.52.138,MT71 IDYN 7447 8CO8 BQTK FPTQ GZAW BXW
463,Dana,Le Batteur,dlebatteurcu@soundcloud.com,Male,228.101.149.240,LT86 9434 3553 5855 9888
464,Malia,Pipet,mpipetcv@1688.com,Female,110.123.10.158,MU81 TOSH 4189 4970 3159 9033 455U QD
465,Helli,Loder,hlodercw@mapy.cz,Female,128.186.109.92,ME29 9973 2873 1004 4869 72
466,Carr,Aylett,caylettcx@squarespace.com,Male,111.173.37.46,LT83 9580 4711 5096 4139
467,Rossy,Mc Gee,rmcgeecy@rakuten.co.jp,Male,69.99.185.97,FR03 9126 9188 91LA R9WF V1ZL X73
468,Tobye,Loadwick,tloadwickcz@miitbeian.gov.cn,Polygender,246.25.82.103,CH95 9293 3JWI ASCT YU2P H
469,Rosamund,Durand,rdurandd0@japanpost.jp,Genderfluid,170.91.111.86,FR31 9573 1610 94XK TBA2 C4N0 I94
470,Alayne,Thornewill,athornewilld1@netvibes.com,Bigender,221.66.3.161,RS71 7429 5092 9330 0394 72
471,Sylvester,Hodge,shodged2@hc360.com,Male,246.15.113.40,VG37 MMXK 0226 6545 7574 2784
472,Violante,Snewin,vsnewind3@unesco.org,Female,215.228.83.183,CR17 5968 0869 9379 6793 0
473,Ondrea,Annes,oannesd4@bizjournals.com,Female,75.206.224.44,KW77 TVJC 2VS3 JXLG 8L5R 5WIY RAUG PA
474,Mikkel,Hethron,mhethrond5@sphinn.com,Male,60.134.46.85,NO80 3952 7740 324
475,Town,Flipek,tflipekd6@exblog.jp,Male,113.88.61.117,SE19 9562 0017 8491 3492 8451
476,Grazia,Checchi,gchecchid7@edublogs.org,Female,223.116.144.247,LI24 5858 2O7E PDAW BIMI 9
477,Matelda,Huyge,mhuyged8@berkeley.edu,Female,101.165.118.65,MK53 2305 ANH4 FNKB Z75
478,Darren,Dedenham,ddedenhamd9@gnu.org,Male,195.240.116.217,TR98 4374 8IFJ ZBTE 30JN SO0L Q2
479,Giorgio,Ferrero,gferreroda@pagesperso-orange.fr,Male,219.92.239.197,FO27 8454 4385 3183 17
480,Giff,Lupton,gluptondb@a8.net,Male,128.107.125.122,HU43 2138 9240 6325 9568 6062 7235
481,Lavinie,Gerty,lgertydc@ft.com,Female,189.19.226.150,MD46 B3UD JJ1R W9UY 33JC 7KA9
482,Cissiee,Varley,cvarleydd@seesaa.net,Female,5.237.42.102,FR29 4926 2469 23IO IBYO XTM6 P22
483,Ian,Jacke,ijackede@hc360.com,Male,11.57.41.8,CY35 4714 6079 G75U U6HB AHQV KULQ
484,Alva,Varden,avardendf@who.int,Male,37.69.83.184,KZ79 367N FSYF XX3O UOHJ
485,Carl,Mate,cmatedg@meetup.com,Male,141.61.115.213,HR54 8202 4512 8811 2674 4
486,Lawrence,McCarty,lmccartydh@free.fr,Male,247.181.9.15,SA37 52X8 O9O5 VISJ CHFR Q7W4
487,Riley,Shimoni,rshimonidi@cnet.com,Male,176.195.228.42,GT17 ZEOA LFYO 0XUG 3S5H TT51 ADTG
488,Ingemar,Rehme,irehmedj@redcross.org,Male,245.55.46.110,MT62 AQSI 2926 7OXI OJJQ PASG KR7J O6X
489,Marilee,Kiernan,mkiernandk@wikipedia.org,Female,13.209.138.205,DK73 4962 0128 0773 66
490,Elly,Rummer,erummerdl@youku.com,Female,114.118.42.244,MC76 7273 4329 38NA EF3F URUV J07
491,Grethel,Britch,gbritchdm@vkontakte.ru,Female,61.22.121.132,FI53 7156 7225 9699 33
492,Korry,Blann,kblanndn@acquirethisname.com,Female,248.26.241.59,ES43 4992 9290 7381 3264 9841
493,Tiphanie,Swindon,tswindondo@t.co,Female,25.254.31.5,SM87 O157 2951 736H JHKQ BQMS GSS
494,Lenore,Gillease,lgilleasedp@google.es,Female,213.160.136.78,AT92 5033 6010 5263 0093
495,Phoebe,Dorran,pdorrandq@sfgate.com,Female,223.110.89.210,NL39 FPFR 6709 1212 28
496,Vladimir,Grassot,vgrassotdr@google.de,Male,110.114.101.210,MD40 DUSS CQ2Z BMDW PAUP NE0O
497,Justin,Swate,jswateds@devhub.com,Male,32.155.139.94,GR49 9745 3779 FYSL TQL6 K0N1 T6B
498,Dewain,Mitchiner,dmitchinerdt@chicagotribune.com,Male,168.71.28.252,SI18 8821 0643 9518 375
499,Dunn,Bust,dbustdu@seattletimes.com,Male,109.230.124.165,SE55 8631 9097 5974 2334 4207
500,Onfre,Calderbank,ocalderbankdv@eepurl.com,Male,232.106.50.9,AT28 9573 1575 9312 5277
501,Stephenie,Miche,smichedw@biblegateway.com,Female,0.111.254.61,MU86 XYSZ 2269 9345 9801 7768 976F TN
502,Corbett,Wilford,cwilforddx@bloomberg.com,Male,133.242.174.189,FR42 7341 2275 97IS TJZY L254 R86
503,Alvie,Bowton,abowtondy@businesswire.com,Male,80.8.66.75,MU47 LJKZ 2711 7916 9171 8510 469Q KF
504,Theo,Strachan,tstrachandz@typepad.com,Male,221.94.64.194,FR31 9405 3770 26MZ W61X O4LF 287
505,Dorry,Haycroft,dhaycrofte0@nifty.com,Female,208.201.103.119,FR74 6417 4094 58KA FTZD B7EX W10
506,Adair,Jedrzej,ajedrzeje1@wisc.edu,Male,50.74.178.69,AL68 8791 8786 VH9P IMLY 5PES OFB6
507,Elke,Vango,evangoe2@ocn.ne.jp,Female,244.107.112.229,FR78 5970 6528 62IA 2ODP MDKN U47
508,Von,Blackborough,vblackboroughe3@bluehost.com,Male,125.225.18.227,BG70 KTEB 5215 09S9 YRSH BX
509,Cesare,Mallebone,cmallebonee4@rambler.ru,Male,48.88.175.40,MU02 MUGT 0430 6404 4034 8436 241K TD
510,Cord,Swanson,cswansone5@java.com,Male,1.177.37.54,LV58 HEXC YW8G MREP 3SHG J
511,Ruperto,Madders,rmadderse6@buzzfeed.com,Male,82.24.218.153,FR67 6813 8157 66TM ZSRI MWEZ 966
512,Lem,Arnolds,larnoldse7@myspace.com,Male,200.125.207.73,AT77 0673 3460 5677 5154
513,Donal,Beals,dbealse8@boston.com,Male,25.250.226.9,FR44 8721 7061 30WZ TPVI 1AC8 O03
514,Gibb,Nowland,gnowlande9@ted.com,Male,180.119.58.46,KZ12 340Y HKWP W4P0 UPM0
515,Bourke,Wint,bwintea@imdb.com,Male,33.222.205.40,DK45 4099 9839 9176 85
516,Bent,Novic,bnoviceb@cbslocal.com,Male,168.213.105.203,ME85 9108 9552 7359 7097 22
517,Yettie,Attle,yattleec@edublogs.org,Genderqueer,7.175.157.122,LT40 8510 6315 5699 0177
518,Hamnet,Wickenden,hwickendened@narod.ru,Male,62.245.226.73,FR60 8226 6074 613E URNE RJI4 K43
519,Leonhard,Heatly,lheatlyee@cnet.com,Male,232.167.52.70,AL37 7929 6866 MTS4 DDW2 FHTV CFMX
520,Claudius,Martynov,cmartynovef@jimdo.com,Male,146.137.89.165,BG07 BACJ 7373 43ZI AY7B ZX
521,Charles,Troke,ctrokeeg@freewebs.com,Male,10.178.175.66,FI21 3336 4332 3944 22
522,Pansie,Attoc,pattoceh@geocities.com,Female,241.251.54.36,FR72 9181 3602 26E7 JPYC SWJ5 S06
523,Karylin,O'Sherrin,kosherrinei@adobe.com,Female,151.113.5.235,FR35 0261 9557 46PT DNPV Q5FS W82
524,Murdock,Bernardes,mbernardesej@huffingtonpost.com,Male,161.86.97.56,BA38 8493 7521 4054 5218
525,Vivienne,Delepine,vdelepineek@chicagotribune.com,Female,181.144.184.87,SI30 0183 7565 7513 444
526,Collin,Grazier,cgrazierel@blogspot.com,Male,113.18.49.23,LU98 6079 NXSS VQ3I WJBH
527,Rodrique,Greenstreet,rgreenstreetem@furl.net,Male,14.252.86.138,BG34 ZLWG 7609 38ND HALN 8E
528,Gabe,Kitlee,gkitleeen@cargocollective.com,Male,222.27.47.204,HR35 8904 2273 0274 6182 9
529,Gracia,Carville,gcarvilleeo@cdbaby.com,Female,21.87.233.100,MK13 189Q MOFV VRPJ D57
530,Lavinie,Preshaw,lpreshawep@accuweather.com,Female,219.245.33.150,CR70 0987 7749 7766 2519 9
531,Raviv,Faich,rfaicheq@bing.com,Male,181.140.132.201,NO98 1348 2914 759
532,Issiah,Hazle,ihazleer@linkedin.com,Male,159.43.44.210,BH48 RHIY UOD1 V92R CB3T RE
533,Gayel,McLellan,gmclellanes@ocn.ne.jp,Female,174.89.255.207,KZ81 981B EKAX 5U01 4MU8
534,Megen,Cassel,mcasselet@nydailynews.com,Female,197.16.160.168,IS22 6309 3638 4177 7111 2749 59
535,Klara,Gaber,kgabereu@nba.com,Female,75.166.138.46,FR17 5205 8457 77OK CD7K 4BKX C31
536,Barton,McMearty,bmcmeartyev@salon.com,Male,191.197.206.215,IL60 0617 6703 9542 8442 913
537,Verla,Illing,villingew@vkontakte.ru,Female,174.180.79.241,PL95 3525 6214 3259 3365 7319 9556
538,Tybalt,MacCrachen,tmaccrachenex@hc360.com,Male,22.37.32.126,PT66 0793 2413 4071 4584 6742 4
539,Nappie,Clampe,nclampeey@skyrock.com,Male,111.152.181.79,GT12 D0ZN BYXE CR2E YMOU EPML AIV4
540,Clark,Braycotton,cbraycottonez@discuz.net,Non-binary,185.210.163.185,ES04 6501 5611 2760 7155 5463
541,Abbye,Hek,ahekf0@livejournal.com,Female,58.28.174.38,TR42 8378 86SK ZSHA NJTM ULY1 MY
542,Courtenay,Piggott,cpiggottf1@ocn.ne.jp,Female,10.38.21.63,FR78 1248 2591 10OA KQKR NRGA H62
543,Abbey,Barajas,abarajasf2@adobe.com,Male,204.93.246.181,ES47 8855 8851 8743 6259 4815
544,Nikki,Winston,nwinstonf3@weibo.com,Female,93.198.43.141,HR46 8791 2202 2321 9685 0
545,Merell,Genner,mgennerf4@newyorker.com,Male,223.87.33.229,SA83 82SL PD7T DS65 04YW 8N6B
546,Dugald,Teresia,dteresiaf5@reuters.com,Male,24.206.141.82,FR72 2549 9544 20MW FGPG CD4M 674
547,Patrizius,Pauncefort,ppauncefortf6@imdb.com,Male,13.78.153.153,BG53 PMKR 8723 936Y EBKO TH
548,Brana,Eyers,beyersf7@independent.co.uk,Female,24.198.253.156,MC38 2140 6286 36NA VX44 WZWF T75
549,Lester,Dockerty,ldockertyf8@tinypic.com,Male,175.27.82.228,PK87 RPKV 64WM KYMJ FS0Q C8ED
550,Maren,Tiffin,mtiffinf9@china.com.cn,Female,72.5.58.193,GI48 ASPQ EBFN QIDX G4V2 JBG
551,Jerry,Straun,jstraunfa@1688.com,Male,71.148.212.151,VG11 QFZW 2934 6201 2095 0194
552,Dody,Tuckett,dtuckettfb@hud.gov,Female,45.211.34.246,ES03 5701 4130 0314 5347 5387
553,Andrei,Uccello,auccellofc@surveymonkey.com,Female,108.230.250.184,AT53 7657 9030 3197 6931
554,Bat,Jays,bjaysfd@a8.net,Male,153.219.182.245,ES91 8907 3915 2001 9187 2601
555,Helge,Cominello,hcominellofe@indiatimes.com,Female,25.175.249.215,NL41 EZUA 2804 3952 16
556,Vern,Brain,vbrainff@google.de,Male,142.142.252.92,RS67 7088 7602 1609 7684 53
557,Adelbert,Kennion,akennionfg@linkedin.com,Male,102.56.47.122,PK92 PLKK JMHK NTRT VUXH NQHQ
558,Phebe,Lashley,plashleyfh@rakuten.co.jp,Female,214.100.53.17,MK18 787S F8C2 76HO R64
559,Trixy,Abramino,tabraminofi@cornell.edu,Female,219.14.13.68,BG63 KDCO 0197 83UF 2RYY 7H
560,Matthiew,O'Cahill,mocahillfj@noaa.gov,Male,220.96.140.196,GL94 1900 2510 1145 45
561,Steffie,Poynser,spoynserfk@cisco.com,Female,112.212.170.43,LI07 0536 3MAF FQA2 IJZ8 A
562,Brooke,Lampel,blampelfl@ox.ac.uk,Male,85.236.20.136,ME46 9355 6996 8680 3715 56
563,Harvey,Zavittieri,hzavittierifm@privacy.gov.au,Male,12.18.165.83,DK14 4315 3258 2844 17
564,Antoine,Harral,aharralfn@newyorker.com,Male,251.213.100.128,FR67 0023 9729 96SH 1YQR YQWP I35
565,Cosmo,Caddock,ccaddockfo@rakuten.co.jp,Non-binary,40.208.18.85,MD91 TDZP IP2Z P621 CXLD 26RN
566,Sutton,Collett,scollettfp@cyberchimps.com,Male,243.10.56.112,LU10 0103 KL1Q GQEB 5KHC
567,Leila,Messham,lmesshamfq@seesaa.net,Female,212.118.61.15,LV67 AHMX YD5H MMMX 7PFA 7
568,Field,Mitkov,fmitkovfr@yahoo.co.jp,Male,142.29.10.1,BA86 7488 7365 1667 1326
569,Dalis,Brolan,dbrolanfs@behance.net,Bigender,98.91.194.202,SA44 585T BMZW HZ98 VCWG LG6D
570,Cornie,Okey,cokeyft@shareasale.com,Female,115.82.72.202,FI86 1668 1682 3445 80
571,Feodor,O'Gorman,fogormanfu@sogou.com,Male,43.46.200.133,AD56 6995 1059 QSHK VGDY UUNY
572,Oliviero,MacRonald,omacronaldfv@wordpress.org,Male,59.12.35.22,TN13 1285 8702 2066 7237 0188
573,Ben,Desbrow,bdesbrowfw@51.la,Male,127.20.1.158,PK66 BNPT 8IKY 35K9 JKZ4 YZE4
574,Travis,Maneylaws,tmaneylawsfx@ehow.com,Male,89.63.124.174,AZ60 CYCQ XYQX CJJV RDVM 7LZV EPJQ
575,Liv,Dowdall,ldowdallfy@paypal.com,Female,3.36.43.244,BR30 9255 2876 9004 8947 2519 592V O
576,Lelah,Malt,lmaltfz@aol.com,Female,12.223.113.165,FR58 6188 9682 76XG H2SL OP5V D44
577,Traci,Carillo,tcarillog0@taobao.com,Female,176.67.141.169,BR20 4581 2223 4510 3396 8546 113T N
578,Melessa,Mallinder,mmallinderg1@unicef.org,Female,248.77.124.58,DE28 9848 4681 9773 5245 44
579,Elvyn,MacAndie,emacandieg2@jalbum.net,Male,9.138.164.238,AT66 4544 8922 5441 1325
580,Heindrick,Gordon-Giles,hgordongilesg3@yahoo.com,Male,170.42.160.78,FR07 1177 1036 77KV K5EU XICB 965
581,Christoph,Matasov,cmatasovg4@squidoo.com,Male,79.63.183.31,IL70 1376 1177 4866 1057 677
582,Dannie,Hullyer,dhullyerg5@cnn.com,Male,26.162.236.39,HU18 8268 0223 2734 1214 9026 2368
583,Chlo,Greyes,cgreyesg6@pagesperso-orange.fr,Female,234.18.72.69,FR77 9741 4264 725U JT2C 5ZHW Z48
584,Augustine,Le Marquis,alemarquisg7@nydailynews.com,Male,203.93.154.20,FO88 3349 3785 8984 26
585,Blondelle,Walworche,bwalworcheg8@deviantart.com,Female,175.198.59.96,SI42 0983 9864 2993 754
586,Lynsey,Wandrich,lwandrichg9@spiegel.de,Female,17.27.253.231,FR13 5053 9099 13SF Q3RD BGYL H04
587,Johannah,Lurcock,jlurcockga@hc360.com,Female,142.89.165.84,SK22 5203 7870 4103 8194 9059
588,Kliment,Erdely,kerdelygb@phpbb.com,Male,1.234.147.157,BH49 NBFI YN59 V1TP AWTF 9I
589,Davina,Danjoie,ddanjoiegc@purevolume.com,Female,234.2.46.109,SI85 3450 2090 4505 385
590,Avrom,Whiley,awhileygd@photobucket.com,Male,2.123.241.32,FR13 1761 4181 05PD JYFB J1UE K37
591,Raoul,Arnson,rarnsonge@usatoday.com,Male,70.135.233.214,KZ04 613F 3C6O IVPI R5UW
592,Richard,Pratchett,rpratchettgf@thetimes.co.uk,Male,121.160.203.223,HU51 2691 9750 7810 7371 1389 9183
593,Isidoro,Stobart,istobartgg@rakuten.co.jp,Male,161.101.100.236,FR76 7977 1299 14CK MOOG AL3L T82
594,Willis,Raggitt,wraggittgh@ted.com,Male,180.248.168.121,PT35 6948 8453 2802 4078 9931 6
595,Roch,Kobelt,rkobeltgi@google.ru,Female,58.202.31.74,HR22 9191 2931 6590 9783 4
596,Silvester,Chadwick,schadwickgj@ehow.com,Male,203.65.205.10,CR42 1353 0747 9738 3327 1
597,Shawn,Yashnov,syashnovgk@newyorker.com,Male,199.154.224.25,MT28 WASP 9981 1XH8 SEJH EIAZ SDFG R92
598,Charlie,Crippin,ccrippingl@last.fm,Male,16.85.196.255,TN73 4515 2151 4637 6537 7285
599,Verine,Habberjam,vhabberjamgm@sohu.com,Female,11.213.173.6,MK96 1276 BK2I 3J9T V20
600,Weylin,Junkison,wjunkisongn@wufoo.com,Male,31.161.86.22,TN90 4908 2894 7247 2688 6829
601,Willey,Dutnell,wdutnellgo@disqus.com,Bigender,170.234.63.245,AL34 4772 6294 JCUC DRN8 IBT0 VZFB
602,Nev,Orum,norumgp@over-blog.com,Non-binary,176.32.213.161,IS40 3028 0529 5757 0222 1250 17
603,Glynnis,Rohfsen,grohfsengq@ftc.gov,Female,31.180.233.216,AT67 5682 4100 3821 8808
604,Curcio,Thurlbourne,cthurlbournegr@craigslist.org,Male,41.137.42.238,MC08 5969 4661 5175 TQUQ OIPX O03
605,Kennith,Najera,knajerags@csmonitor.com,Male,64.191.144.33,BA79 7350 7881 5870 5844
606,Sharleen,Troth,strothgt@tripod.com,Female,58.89.126.112,GL17 6085 8283 5951 12
607,Emory,Daish,edaishgu@ehow.com,Male,29.152.185.240,ME92 1563 6422 7824 8508 50
608,Heinrick,Liptrot,hliptrotgv@multiply.com,Male,71.149.175.130,GT67 QJ0D CJDF CGQM JCWX WFUO LLFL
609,Toni,Chesnut,tchesnutgw@behance.net,Female,175.190.161.45,LB19 5487 KGZW 1Q94 DXUB XVHW PFJI
610,Lilli,Branscombe,lbranscombegx@slate.com,Female,65.177.182.243,DE66 0893 3984 5662 3123 35
611,Niko,Panichelli,npanichelligy@example.com,Male,170.7.143.205,FR20 9063 1113 610T WX3F QL1U M87
612,Lotte,Cabell,lcabellgz@creativecommons.org,Genderfluid,228.30.249.66,FR05 6347 4999 404G 4EJJ ECFY U33
613,Jerald,Beckey,jbeckeyh0@drupal.org,Male,155.176.80.194,BR46 5651 1188 9392 2184 7210 354M V
614,Gustave,Nutty,gnuttyh1@blogger.com,Male,246.164.156.206,AT50 0776 2393 6586 0845
615,Janeczka,Malpass,jmalpassh2@epa.gov,Female,14.247.74.47,CR97 5191 6980 2361 4240 5
616,Aloysius,Papaccio,apapaccioh3@chronoengine.com,Male,225.184.19.44,PS77 YXRI ZX4Q GZ88 KJAE GXY1 7QGG O
617,Murielle,Eustis,meustish4@merriam-webster.com,Female,157.124.78.194,GT28 APD2 T1FT 6XZF KUZS BK9B CVYR
618,Graeme,Olivetti,golivettih5@nifty.com,Genderqueer,109.14.111.143,DO63 OWLB 1014 6092 2382 3997 1362
619,Bette-ann,Cleevely,bcleevelyh6@ucla.edu,Female,195.198.245.153,HU84 9617 9563 6242 5046 6788 0245
620,Saunderson,Norris,snorrish7@furl.net,Male,84.140.41.31,KW68 LKAN 9CNY L3QY BIME AXAT IPCE K9
621,Blinni,Pascoe,bpascoeh8@addtoany.com,Non-binary,226.253.75.108,AE52 8855 7459 0363 0584 052
622,Umeko,Berthome,uberthomeh9@goo.gl,Female,226.156.72.27,FR85 6661 2583 41NI G5FG WKYW F87
623,Blayne,Virgin,bvirginha@posterous.com,Male,162.215.38.199,GB14 EVQI 0648 0952 8165 44
624,Sherman,Bootman,sbootmanhb@is.gd,Male,215.52.162.119,AD29 0729 4604 FRCC GUME NTTQ
625,Cobby,Juliano,cjulianohc@tripod.com,Male,9.94.176.95,MK66 166E F4HQ WPZT S84
626,Malchy,MacCrackan,mmaccrackanhd@google.ru,Male,251.104.172.70,PL17 5789 0071 0501 1134 3934 6919
627,Marthena,Antusch,mantuschhe@tinypic.com,Female,239.216.197.214,CR88 1529 8123 1404 4136 3
628,Yorgo,Loughhead,yloughheadhf@economist.com,Male,176.126.195.7,BR77 2079 5708 1349 1872 5446 376D T
629,Doroteya,Stannering,dstanneringhg@cnbc.com,Female,99.155.243.180,HU76 9587 8861 3421 2623 5174 9457
630,Gian,Biner,gbinerhh@spiegel.de,Male,41.120.176.236,CH20 8712 8D8K CSDI RDUZ Q
631,Concordia,Lidgard,clidgardhi@hibu.com,Female,220.202.24.206,FR35 0152 3415 24UU V0PX PCB3 636
632,Eba,MacPike,emacpikehj@themeforest.net,Female,134.201.198.229,LU74 7324 FSHF TALM ET2Z
633,Glenda,Jacqueminet,gjacqueminethk@ameblo.jp,Female,92.31.142.38,FR57 4507 2515 73Z8 ZP3E RFB2 P29
634,Tyne,Esterbrook,testerbrookhl@adobe.com,Female,145.225.142.231,SE81 4237 4530 5063 3603 8749
635,Rodney,Topaz,rtopazhm@miibeian.gov.cn,Polygender,163.181.216.238,LV56 GEIX EMVF 9PQF LXTA R
636,Alina,Elwill,aelwillhn@elpais.com,Bigender,255.189.184.33,AD49 7489 1451 XLZ4 N6Z5 MYZL
637,Jerad,Lesslie,jlesslieho@jigsy.com,Male,219.63.171.225,FR23 4848 4057 33BN BC1G CXWR X84
638,Elfie,Cromarty,ecromartyhp@theglobeandmail.com,Female,46.43.129.156,MT55 KQJA 6819 43II ZVVS SVB3 OZTX TCI
639,Gregory,Asipenko,gasipenkohq@army.mil,Male,187.74.35.219,CH20 8353 0H3F SWQV AWLJ Q
640,Stanislaus,Kindell,skindellhr@t.co,Male,7.18.240.176,FR32 4390 5950 09UW IED6 7GVL V80
641,Elsinore,Duddle,eduddlehs@cnet.com,Female,229.50.105.9,PT95 0255 6711 6133 5881 4206 6
642,Jeremias,Le Floch,jleflochht@purevolume.com,Male,78.80.227.172,KW96 XUWL DPZH YLZW K2GZ DUV5 PFI2 RN
643,Ewart,Beamand,ebeamandhu@rambler.ru,Male,179.70.113.193,KW52 JAFS KVRF AM6Q TCRB DQNE W3GF NY
644,Roch,Sinyard,rsinyardhv@gravatar.com,Female,34.146.17.180,SA44 21X3 P1YI ZBRK 9UQC K3KD
645,Ulla,Bearblock,ubearblockhw@wix.com,Female,211.60.174.150,DK80 0322 9205 1183 03
646,Jephthah,Galilee,jgalileehx@netscape.com,Male,181.95.255.81,CR17 8663 8723 6761 5438 6
647,Emmit,Lovelace,elovelacehy@sfgate.com,Male,102.56.209.198,DO24 WE3V 3347 4410 2300 8794 3781
648,Wilfrid,Oldland,woldlandhz@desdev.cn,Male,209.35.56.141,PL54 3641 0086 9537 3250 5290 7265
649,Mathilde,Tuffley,mtuffleyi0@earthlink.net,Female,132.174.65.141,IE87 QPQL 3086 9944 9964 58
650,Bobby,Wormstone,bwormstonei1@hhs.gov,Male,192.212.36.173,LV47 NAEC KAWY HBEA EB6G 6
651,Vivien,Kepp,vkeppi2@naver.com,Non-binary,91.8.171.57,ME04 3488 6869 9696 7006 60
652,Donnajean,Loughlan,dloughlani3@delicious.com,Female,42.238.245.13,DE88 6067 1428 8504 3638 41
653,Rey,Cecere,rcecerei4@cargocollective.com,Male,6.93.235.195,FR70 5543 5186 4971 MUTD DEZG R59
654,Grace,Palek,gpaleki5@vkontakte.ru,Female,236.192.247.77,FI22 9595 9405 2261 25
655,Max,Reymers,mreymersi6@cbsnews.com,Male,237.61.162.203,CH33 1325 66SP 18JI R4JM 0
656,Lara,McNeish,lmcneishi7@indiatimes.com,Female,95.205.132.76,MT24 LBCH 5997 27ZT PBAZ TPHA ZPZP CNG
657,Felicle,Aleksandrikin,faleksandrikini8@e-recht24.de,Female,218.33.66.80,FR53 2239 3502 70HB RPHL 9KQ6 G63
658,Kerry,Borles,kborlesi9@wufoo.com,Male,152.50.217.131,DK09 5661 3362 6899 78
659,Teddi,Wattisham,twattishamia@list-manage.com,Female,153.196.193.0,TN69 0851 1025 6582 2401 0075
660,Jori,Caudell,jcaudellib@reddit.com,Female,98.88.250.24,DE57 8432 8969 6112 2508 34
661,Ethe,Cockett,ecockettic@bloomberg.com,Male,218.103.10.173,HU75 8053 5782 2131 6319 3093 1051
662,William,Sussems,wsussemsid@indiegogo.com,Male,215.56.5.224,BE57 7977 9011 8261
663,Sonnie,Jehan,sjehanie@lulu.com,Female,175.54.149.81,FR80 3116 9302 18DU WOSX BO3N Q88
664,Ginevra,Gonzalez,ggonzalezif@typepad.com,Polygender,110.7.179.82,AE14 8194 8592 5891 3343 322
665,Ulrich,Fitzmaurice,ufitzmauriceig@dyndns.org,Male,114.23.186.182,MK05 083A ECDX W5BD 582
666,Ely,Coltherd,ecoltherdih@a8.net,Male,34.79.167.55,FR58 5540 8605 51SC AIAW D7TI B15
667,Abbey,Ferens,aferensii@webmd.com,Male,57.147.111.140,CH83 2533 57LE HVVJ IC4U V
668,Natalee,Rhubottom,nrhubottomij@clickbank.net,Female,204.228.205.233,PK84 EZEU WKZE 0DFA MMIR ODMH
669,Theodoric,Kuban,tkubanik@goo.ne.jp,Male,73.156.235.11,MC25 6533 0855 69EO 5F4L MAJS K20
670,Nickola,Scorrer,nscorreril@google.it,Male,117.79.129.136,GT19 PJG9 VMID S5IT FYFC OTPF TAGZ
671,Homerus,Hackley,hhackleyim@flavors.me,Male,13.0.99.169,EE07 2491 6863 2700 1282
672,Tory,Adin,tadinin@slideshare.net,Female,74.83.36.149,MU76 UFJH 7178 9329 3658 5692 979R ZL
673,Iago,Bordman,ibordmanio@freewebs.com,Male,224.124.37.111,IE13 JGZC 3537 5305 6409 40
674,Junina,Seeks,jseeksip@homestead.com,Female,16.126.151.104,CY20 8218 8820 K4HQ UG0P DJ9G VTZL
675,Rozella,Opdenorth,ropdenorthiq@51.la,Agender,204.86.53.41,ES05 7233 8748 3704 2901 4623
676,Gareth,Falconbridge,gfalconbridgeir@skype.com,Male,119.63.76.182,IL27 0128 2772 2004 9856 559
677,Warde,Laytham,wlaythamis@ocn.ne.jp,Male,187.72.208.241,DE12 8348 4578 5649 7341 13
678,Rowen,Oxborrow,roxborrowit@ucoz.ru,Male,61.185.69.1,BE51 7004 5578 8372
679,Althea,Algate,aalgateiu@csmonitor.com,Female,230.58.238.59,ME96 7452 4343 9500 2691 66
680,Ransell,Ticksall,rticksalliv@japanpost.jp,Male,243.166.2.205,FR31 1270 6078 76I4 5YCE T63Y D35
681,Sybila,Buesnel,sbuesneliw@cam.ac.uk,Female,49.234.157.121,GE73 CL98 3719 6597 5500 09
682,Tiphany,Barnsdale,tbarnsdaleix@uiuc.edu,Female,56.214.129.140,FR13 4460 9005 48QK YIOQ 56CM G95
683,Tim,Jandel,tjandeliy@macromedia.com,Male,183.200.113.96,MC39 2998 9851 37SQ R4FA YWCA V04
684,Mervin,Antonin,mantoniniz@mediafire.com,Male,36.43.192.155,DK50 8248 7641 7906 15
685,Darb,Yakubovics,dyakubovicsj0@yahoo.com,Male,98.3.219.68,PK63 GKVI 9ULD II7I QZDA EKDE
686,Krystal,Tomkinson,ktomkinsonj1@irs.gov,Female,103.157.238.138,BH64 LWBR KRMY N2FD DOO8 HZ
687,Gratia,Shepton,gsheptonj2@opera.com,Female,46.5.219.61,SE86 4663 9532 4482 8050 7875
688,Gard,Falkner,gfalknerj3@tmall.com,Male,64.125.72.200,SM46 O787 5534 151U X6DK JVOM P8D
689,Merrill,Soltan,msoltanj4@cpanel.net,Genderfluid,154.23.134.196,PS42 AAEV AN0K XUIP XT4R 2BOE IQKM 4
690,Arnold,Abrahamowitcz,aabrahamowitczj5@scientificamerican.com,Male,19.146.51.125,CZ26 5859 8183 5862 1981 0290
691,Ron,Curragh,rcurraghj6@1und1.de,Male,146.150.119.153,BE58 5565 0800 1064
692,Torin,Gravy,tgravyj7@elpais.com,Male,73.175.76.145,BG15 TNTP 3671 13BH P8MD N6
693,Dunn,Delacroux,ddelacrouxj8@lycos.com,Male,177.137.229.163,FR39 3517 3397 00UQ KEBA ZHDV Y13
694,Bradly,Jacquemy,bjacquemyj9@nbcnews.com,Male,32.125.11.117,DK63 8457 4782 4790 33
695,Petey,Gimber,pgimberja@stumbleupon.com,Male,4.89.139.239,IE54 RWVF 6827 8052 8550 21
696,Jacquenetta,Yearnes,jyearnesjb@geocities.com,Female,22.18.47.96,AZ83 ZTKQ DWVT KABY AVM2 7ETO 9LC0
697,Giffy,Dadswell,gdadswelljc@rediff.com,Genderqueer,192.156.232.137,FR28 2813 8203 24JA 704M SZHK E87
698,Drusilla,Whitcombe,dwhitcombejd@reuters.com,Female,1.151.249.137,HU62 3752 1502 0079 7338 0055 8482
699,Arabelle,Scrannage,ascrannageje@theglobeandmail.com,Female,34.212.98.6,TR94 6739 1ZS8 H5GJ H1WT CFEL UB
700,Jillian,Grunson,jgrunsonjf@shinystat.com,Female,26.227.183.219,LU51 417J QOQM 3OTU 7PLB
701,Henry,Alabaster,halabasterjg@walmart.com,Agender,190.224.14.13,MR70 5775 8067 5752 4269 1604 924
702,Ethel,Spavins,espavinsjh@exblog.jp,Non-binary,199.22.208.155,LB38 6146 CK0B T1QU 9NTB ICYB 4FCS
703,Wilfrid,Whitnall,wwhitnallji@cdbaby.com,Male,124.161.101.237,GR11 1453 582C GBXW UYPV NSWJ FIX
704,Scarface,Oxtarby,soxtarbyjj@ustream.tv,Male,152.120.4.239,FR88 4550 2370 27AS Z3ES VSCV 083
705,Ric,Earey,reareyjk@cbc.ca,Male,102.215.93.115,HR05 4403 9448 2867 3435 6
706,Hazel,Matuszinski,hmatuszinskijl@artisteer.com,Female,69.154.158.130,FR27 4745 2325 81T8 1ESG WV1Z L64
707,Rudiger,McIlharga,rmcilhargajm@surveymonkey.com,Male,123.143.73.22,FR80 8477 8129 96UY FQ9P XFN9 S16
708,Jarid,Siemons,jsiemonsjn@blinklist.com,Male,159.6.91.78,BH46 ZGPH 5HMS CJJK JLIL RM
709,Elwyn,Burcher,eburcherjo@state.tx.us,Male,15.99.116.158,FR75 9776 2266 32LG QDMB KB3A L35
710,Ambrose,Cowl,acowljp@multiply.com,Male,18.222.253.233,SM98 P512 1667 948O BYTD 7VYW YPN
711,Gayle,Boyn,gboynjq@booking.com,Male,198.7.124.81,ME86 2091 7260 5892 3007 70
712,Avictor,Feander,afeanderjr@chronoengine.com,Male,143.192.71.193,BR18 9782 9659 7490 8028 4953 256V 3
713,Jacqueline,Davidson,jdavidsonjs@tinyurl.com,Female,94.222.25.123,FR26 0443 4172 851E 3XD6 JF3J G34
714,Eddie,Ericssen,eericssenjt@uol.com.br,Agender,223.69.179.105,DK03 7444 2415 1289 32
715,Tammara,Gambell,tgambellju@imdb.com,Female,135.254.249.239,SK56 3977 0239 5062 0982 3158
716,Vanny,Yekel,vyekeljv@prlog.org,Female,131.212.50.112,AT66 4875 7776 4696 3020
717,Janelle,Saffill,jsaffilljw@lulu.com,Female,70.46.150.83,PK35 NZFJ LZ4O NTOE VHNT K1WO
718,Jodee,Dracey,jdraceyjx@fda.gov,Bigender,203.196.90.188,BE35 4508 4310 7878
719,Stefano,Terbeck,sterbeckjy@biglobe.ne.jp,Male,43.96.179.46,HR03 1488 1056 1689 3626 3
720,Reynold,Lydster,rlydsterjz@forbes.com,Male,56.30.78.69,FR81 3402 0025 56KX XI08 BI6H V70
721,Vi,Berrill,vberrillk0@latimes.com,Female,191.95.149.97,HR73 8757 4417 8977 7242 4
722,Urson,Rattery,uratteryk1@google.com.au,Male,77.86.41.32,NO22 6570 8736 082
723,Brennen,Chesley,bchesleyk2@umich.edu,Male,91.47.202.130,FR09 7621 6979 89EN RELX YGNB U01
724,Thayne,Sorby,tsorbyk3@cbsnews.com,Male,10.232.99.211,KW25 ICWL 2OMB TB0W RU4Y JXVQ VOFO IA
725,Sharyl,Hatliffe,shatliffek4@booking.com,Genderfluid,50.41.130.232,RO47 QQHY FOWX ZGHI UMUD CBFU
726,Arlen,Milmith,amilmithk5@webeden.co.uk,Male,37.198.205.72,FR81 8446 4695 34DG BN7J NFIU J99
727,Emmery,Ellerby,eellerbyk6@cnet.com,Genderfluid,88.136.116.195,TN73 5808 5003 8812 3942 2714
728,Cherilynn,Mattiassi,cmattiassik7@paginegialle.it,Female,96.42.176.236,FR64 7236 8796 63S4 T0LN Y0EY K49
729,Lorens,Renfrew,lrenfrewk8@xinhuanet.com,Male,237.210.243.128,GL92 6834 0196 2627 65
730,Arie,Vidler,avidlerk9@google.nl,Male,51.60.23.76,MU46 XFAV 6167 0147 7006 5716 210G GF
731,Geraldine,Hutchason,ghutchasonka@nps.gov,Female,229.61.132.200,AT47 7843 8395 9751 4447
732,Edi,Jennemann,ejennemannkb@delicious.com,Female,240.50.178.239,LI02 1551 9WMB YBVK 9MU7 B
733,Anna-diana,Sarfass,asarfasskc@yale.edu,Female,178.33.9.245,LV98 EFJK WMUM 4XFL IQB8 C
734,Helsa,Rubica,hrubicakd@intel.com,Female,27.28.138.90,NO71 0918 2566 909
735,Vivyanne,Rivilis,vriviliske@wiley.com,Female,255.104.90.166,MC10 5321 2469 673Q JGIS 0FYK 690
736,Dicky,Daniau,ddaniaukf@yahoo.co.jp,Male,38.208.36.91,GT94 Y2FM DPPF IYBO DQFW XO4F 7JBO
737,Stephie,McGrorty,smcgrortykg@pagesperso-orange.fr,Female,213.129.111.11,LU23 271H 9FDY ZEPL FFAV
738,Finn,Windley,fwindleykh@army.mil,Male,37.18.150.10,SE98 0099 4002 0008 6752 9809
739,Lee,De Caroli,ldecaroliki@elpais.com,Male,24.165.80.149,PL72 9721 1457 7074 7132 7645 9893
740,Sayers,Swinyard,sswinyardkj@dailymail.co.uk,Male,65.225.121.85,IS47 6362 1865 6955 7596 4293 02
741,Georg,Lestor,glestorkk@etsy.com,Male,20.214.234.169,BE68 4710 8003 5894
742,Normand,Klejin,nklejinkl@shutterfly.com,Male,14.49.46.232,IS76 8884 5752 7912 2219 0019 25
743,Nike,Yosevitz,nyosevitzkm@npr.org,Female,177.133.166.59,FR68 8119 7315 378I EEI3 NATT 221
744,Konrad,Charlewood,kcharlewoodkn@about.me,Male,51.163.91.52,FR83 0681 1936 43L2 WBJE PD6P 327
745,Lyndell,Iwanczyk,liwanczykko@vimeo.com,Female,78.31.63.228,BH03 PJBB PKB0 67RB IGTW JE
746,Gerladina,Layne,glaynekp@mozilla.com,Female,132.254.202.160,MT44 GTPE 0017 82M9 TCJP RVL2 DIDE L1L
747,Shannah,Fewlass,sfewlasskq@livejournal.com,Female,59.212.224.239,MT90 FIGY 1417 6UFV UTHF 2TGR ZGZ4 IGG
748,Laurette,Jedrasik,ljedrasikkr@omniture.com,Female,9.68.107.1,IL68 0719 6697 6534 0793 230
749,Barton,Peace,bpeaceks@scientificamerican.com,Male,193.76.90.18,RO54 SWRY 4OEL KFDP RK7O SNH0
750,Hakim,Coker,hcokerkt@phoca.cz,Male,240.155.109.180,SK34 0784 5786 1468 0029 8618
751,Paulina,Lipmann,plipmannku@odnoklassniki.ru,Female,249.111.141.179,DE10 8225 2272 6680 0698 07
752,Shermy,Hotson,shotsonkv@apple.com,Male,185.109.238.233,FR61 3103 6084 90ZN W23E AQET U45
753,Bambie,Lewer,blewerkw@ucoz.ru,Female,55.182.210.135,BR53 1263 2299 8464 1722 1503 539P C
754,Stephanie,Coggin,scogginkx@admin.ch,Female,201.15.158.231,TR81 5372 03WV QLPW Q2FP FRC9 QH
755,Garrott,Brunet,gbrunetky@ifeng.com,Male,65.4.97.202,BG13 XLAW 5161 11HZ WHC2 P5
756,Kaleb,Adderley,kadderleykz@newsvine.com,Male,56.207.69.125,SA19 793I FVFP DALJ QLQA EZMV
757,Heddi,Harradence,hharradencel0@disqus.com,Genderfluid,114.255.57.197,LU39 648M 39CY GV4Y 7JQB
758,Ardis,Semorad,asemoradl1@jigsy.com,Female,233.252.13.244,PL90 3901 3272 1646 6032 6770 8461
759,Alli,Armsden,aarmsdenl2@addtoany.com,Female,236.80.248.96,BR96 8967 0778 9657 7141 6261 304L Q
760,Ian,Gott,igottl3@abc.net.au,Genderqueer,127.181.58.138,TR23 1056 7BCO XWMD FXJE 7VPI B4
761,Pedro,McKeighan,pmckeighanl4@reddit.com,Male,59.225.131.57,BR67 8704 1368 4732 9817 1764 539T U
762,Ki,Ferrettino,kferrettinol5@salon.com,Female,200.39.201.63,GE65 SE90 3423 3096 6356 29
763,Rowe,Shimony,rshimonyl6@biglobe.ne.jp,Female,223.66.113.183,BA38 2473 7371 6334 2774
764,Willey,Killshaw,wkillshawl7@tumblr.com,Male,33.233.153.205,SA09 19GX W4TF 8WLO 8IWS DT31
765,Doralia,Losel,dlosell8@unblog.fr,Female,254.25.27.22,GR86 8209 404D GE3B WNCC 7OKT DYC
766,Thorvald,Rosbottom,trosbottoml9@icq.com,Male,249.198.157.114,SK42 1681 9358 6002 0381 7566
767,Chrissy,Wyleman,cwylemanla@abc.net.au,Male,43.166.110.244,EE75 9849 0715 5945 8209
768,Carlyn,Kimmings,ckimmingslb@webnode.com,Bigender,230.116.180.118,FR27 3025 4242 02R7 T5IB GJH3 V64
769,Shaughn,Titchard,stitchardlc@ibm.com,Male,134.60.153.115,LV88 SRIS Z5Q7 OIB1 KSKI 5
770,Hedwiga,Dawby,hdawbyld@indiegogo.com,Female,237.181.2.179,PL15 8754 6151 6695 8735 0127 9927
771,Kayla,McAuslan,kmcauslanle@cyberchimps.com,Female,73.146.171.80,GB49 HIDH 6542 7211 9312 42
772,Mandi,Halladey,mhalladeylf@virginia.edu,Female,51.16.142.22,LI94 2359 73PQ 3HHQ UP8C X
773,Dex,Golagley,dgolagleylg@tamu.edu,Male,132.53.62.44,RS62 2100 6577 4278 1306 00
774,Stanwood,Quinnette,squinnettelh@edublogs.org,Male,102.154.224.165,BG26 FXFW 1986 02V3 B0DX DP
775,Pieter,O'Dooghaine,podooghaineli@shop-pro.jp,Male,163.155.182.189,FR98 0818 2251 05FW ZWRW BMLZ D65
776,Jasmina,Newvell,jnewvelllj@vkontakte.ru,Female,110.140.37.38,NO71 3263 9073 832
777,Giffard,Gibbons,ggibbonslk@wikipedia.org,Male,182.168.16.175,RO52 FMYU RKYD 8UDX 2Y4W PGEL
778,Brooke,Raffeorty,braffeortyll@loc.gov,Female,222.106.123.193,FR07 3657 0890 62V2 RAAS P9BH 911
779,Collen,Furmonger,cfurmongerlm@chronoengine.com,Female,25.124.66.182,SA82 0082 RS6J BEUW X7OP BKY8
780,Helsa,Zanioletti,hzaniolettiln@jugem.jp,Female,75.159.128.20,PT32 7211 6011 9945 2136 3891 2
781,Cordell,Jekyll,cjekylllo@yahoo.com,Male,244.54.210.251,PT36 5427 9663 5580 4603 9075 2
782,Archie,Schuck,aschucklp@unesco.org,Male,48.127.39.89,KZ43 993P I2JX 7MAH OOJ4
783,Doyle,Duffett,dduffettlq@stumbleupon.com,Male,255.138.155.217,FR20 2653 2433 60YM ULYU M4GG M21
784,Kristin,Frudd,kfruddlr@addtoany.com,Female,37.26.23.194,FR29 4137 8377 90MZ OKDK GYMB K27
785,Kelwin,Robjant,krobjantls@state.gov,Male,24.76.238.64,FI56 8083 0772 2229 71
786,Alistair,Gooders,agooderslt@goodreads.com,Male,20.40.219.29,FR63 6949 9053 33GA HBYZ FLD7 H55
787,Sheffy,Musterd,smusterdlu@blogger.com,Non-binary,248.99.21.180,LB34 1842 WSOZ BIIQ ZY0Z JWGM ZCXY
788,Dur,Daens,ddaenslv@netvibes.com,Male,244.146.15.49,AD38 0359 1129 CWXW KYLV NJMZ
789,Rosalind,Habert,rhabertlw@loc.gov,Female,58.7.17.208,FR77 4397 2194 28N8 CLMC S8VP K28
790,Gracie,Pitcaithley,gpitcaithleylx@bloomberg.com,Female,175.1.254.124,RS95 6683 3202 8540 1347 06
791,Jeniffer,Olivo,jolivoly@photobucket.com,Female,229.61.139.249,CR23 4407 2551 4551 3488 2
792,D'arcy,Juggings,djuggingslz@homestead.com,Male,38.47.70.182,ES40 1959 5405 4818 1514 7451
793,Pearla,Raggett,praggettm0@nasa.gov,Female,233.187.72.160,IL57 9866 0090 8302 9081 581
794,Blanch,Warlton,bwarltonm1@etsy.com,Female,172.244.252.229,FR97 8145 7310 44BM OHOV 6CUG R86
795,Elton,Gillet,egilletm2@weather.com,Male,132.155.243.168,AT79 1792 4271 7864 1728
796,Rena,Demicoli,rdemicolim3@newyorker.com,Female,30.127.240.237,BA04 7313 3953 2353 2875
797,Gasparo,Borkett,gborkettm4@theatlantic.com,Bigender,180.209.2.98,LV54 FQJZ TYQ2 T9BQ MPZX F
798,Morris,Ayers,mayersm5@4shared.com,Male,50.193.198.22,IE37 TUVK 3410 4212 2676 60
799,Jeni,Risbridger,jrisbridgerm6@rambler.ru,Female,250.53.124.89,MU49 HJTT 3914 9365 7435 6261 079Y AJ
800,Arturo,Rickerd,arickerdm7@engadget.com,Male,149.8.34.37,DO75 T3KB 2193 9346 5814 6539 1870
801,Neill,Kirman,nkirmanm8@uol.com.br,Male,185.24.166.101,FR33 6316 1205 64D2 RDGY XZ09 B13
802,Goldina,Trass,gtrassm9@ask.com,Female,11.248.213.131,SM43 D432 3428 0937 VZL7 KB3T IO9
803,Standford,Allberry,sallberryma@desdev.cn,Genderqueer,105.239.70.24,FR22 9081 8070 6749 MQS7 KITR G64
804,Jammie,Pallis,jpallismb@moonfruit.com,Female,157.203.225.206,AE11 3967 3281 9717 8282 233
805,Earl,Ravillas,eravillasmc@seattletimes.com,Male,178.140.24.81,IT86 S532 0845 880E 8LCM 6M9K CYI
806,Regan,Knobell,rknobellmd@delicious.com,Male,83.36.59.83,KZ35 100Q 2DP1 ABVW YVWH
807,Aloysia,Rowan,arowanme@themeforest.net,Agender,51.109.202.236,FR26 6849 8976 13DP QBO8 SEZV O49
808,Katrine,Winterbottom,kwinterbottommf@un.org,Genderfluid,194.126.43.144,LT40 9227 4823 9400 4049
809,Ebenezer,Haysham,ehayshammg@businesswire.com,Bigender,36.241.193.39,FR71 2030 4293 04BJ CLBB 6NW7 544
810,Syd,Deeson,sdeesonmh@hp.com,Male,131.110.55.111,VG60 FXDE 8669 3565 8382 5875
811,Ambrose,Symcoxe,asymcoxemi@biblegateway.com,Male,139.211.38.188,VG81 GLXD 1202 7274 5090 0576
812,Edith,Iacapucci,eiacapuccimj@bravesites.com,Female,75.208.208.208,ES50 5681 4971 2439 7961 2529
813,Reade,Bletsoe,rbletsoemk@huffingtonpost.com,Male,96.139.93.126,NO86 0887 2016 192
814,Gwenore,Lazenby,glazenbyml@apache.org,Female,63.201.110.244,PL50 2856 2006 1113 8652 7979 2427
815,Olly,Breckin,obreckinmm@ezinearticles.com,Female,44.68.45.205,RO77 MSPN QEFQ TNFZ NUZ5 8PXG
816,Raphaela,Lishmund,rlishmundmn@yolasite.com,Female,111.183.196.251,BG16 OBLX 7034 02H1 K5MD SQ
817,Manny,Duguid,mduguidmo@nba.com,Male,19.158.127.197,AL18 6475 9563 EGGX 5EDV OJVB JKVK
818,Lura,Hance,lhancemp@globo.com,Female,51.45.243.146,CZ38 1838 4674 0559 3843 2635
819,Helsa,Beachamp,hbeachampmq@example.com,Female,120.165.184.122,CY25 7843 5914 BY5K 0AP9 ISDO 5KNH
820,Ewen,Riddick,eriddickmr@unblog.fr,Male,51.66.245.41,VG08 JIVK 8288 6608 3607 4995
821,Lucina,Isakov,lisakovms@bravesites.com,Female,43.177.161.38,KW12 LUGM 4LCS J0KC DX7V BKVR MH0S 8M
822,Denny,Shwenn,dshwennmt@barnesandnoble.com,Male,73.137.208.37,HU10 4933 1414 3714 9341 4968 5372
823,Amos,Pinock,apinockmu@cloudflare.com,Agender,164.202.34.178,BR70 5047 5976 9251 0478 6386 466C U
824,Shane,Croizier,scroiziermv@vistaprint.com,Male,117.33.38.107,CH33 8091 5DNR ONDL F6BR 3
825,Hymie,McCrostie,hmccrostiemw@tamu.edu,Male,241.31.55.172,FO07 2927 6402 1345 28
826,Brok,Noddle,bnoddlemx@stanford.edu,Male,46.126.54.141,IL74 1322 2245 1337 7526 631
827,Monro,Rominov,mrominovmy@cbc.ca,Male,89.198.64.251,FR25 7862 6984 995T YTAK LUJQ C02
828,Tory,Matschuk,tmatschukmz@hp.com,Female,68.251.172.196,MD81 X0FA UDZ5 DNZB PWMC IALA
829,Rudiger,Biscomb,rbiscombn0@fastcompany.com,Male,221.236.15.111,FR67 3965 8132 79IJ CA4F JBFW 833
830,Rolf,McWilliam,rmcwilliamn1@ebay.com,Male,170.51.60.128,MD97 D04L MD8C FVHM MLTX B0LI
831,Gabrila,Parmenter,gparmentern2@washingtonpost.com,Female,110.139.211.113,IT74 B343 1665 964N BOG6 JBC3 92Z
832,Chad,Philippeaux,cphilippeauxn3@csmonitor.com,Male,149.71.11.114,LI12 7505 4O8S 0MX2 T1R4 2
833,Urbano,Serrurier,userruriern4@forbes.com,Male,248.13.25.126,FR90 8867 0189 36C0 VSMH IUSV J91
834,Neel,Francisco,nfranciscon5@samsung.com,Male,237.194.73.215,IE81 TNKP 8331 6973 8513 25
835,Emogene,Atlee,eatleen6@flavors.me,Female,137.124.23.126,PT30 6418 3119 1937 0489 2031 9
836,Bowie,O'Shavlan,boshavlann7@psu.edu,Male,221.47.92.182,FR04 7026 9604 22DI 1ZPI JQE2 U77
837,Jock,Alaway,jalawayn8@stanford.edu,Polygender,146.15.233.186,KZ24 862T J6SD PL3E ON3C
838,Ronica,Adderley,radderleyn9@utexas.edu,Female,4.90.38.212,GT18 8MEE A2PB 7OXR 8NHJ LYNP FNBX
839,Arney,Campo,acampona@amazon.co.uk,Male,37.142.39.125,AL77 6904 4982 QG4A WPR9 A80U TOJ2
840,Ardelle,Kirkbride,akirkbridenb@geocities.jp,Female,254.234.210.62,FR10 4589 8182 80VB VHZO OIIB W96
841,Mill,Brownlie,mbrownlienc@cornell.edu,Genderfluid,149.234.254.96,SK60 5216 9737 3277 9895 3646
842,Horten,Kyrkeman,hkyrkemannd@merriam-webster.com,Male,170.49.241.213,HR24 6181 5439 3784 2047 7
843,Meade,Domenget,mdomengetne@loc.gov,Non-binary,245.136.102.51,IL56 9366 9139 4624 2463 895
844,Farlee,Coulsen,fcoulsennf@cmu.edu,Male,29.169.91.67,CR56 6958 4210 2894 5343 9
845,Nicky,Ludford,nludfordng@wordpress.com,Male,8.230.244.184,DO96 D9JU 5279 0850 7512 9014 8705
846,Darryl,Heel,dheelnh@tinyurl.com,Female,68.41.116.206,AZ03 BPQG GO9W ZIFO T3NY 8ZUW Y7NA
847,Sawyer,Rittmeier,srittmeierni@goodreads.com,Male,180.239.46.58,SA51 20OT VVYR UDIE 8LW8 D3FS
848,Letta,Jee,ljeenj@bravesites.com,Female,205.143.133.204,CY80 1000 4488 HPN6 IY7M 2LVS TDUC
849,Arleen,Ryley,aryleynk@edublogs.org,Female,213.187.253.181,FR60 4217 1284 36JM 1LMD NAKR 030
850,Joell,Affuso,jaffusonl@squidoo.com,Female,136.28.110.36,BR28 6080 0344 7737 6148 5023 664H R
851,Leopold,Perazzo,lperazzonm@domainmarket.com,Male,220.230.220.57,FR36 8823 3912 91UK QVZM OTL2 D21
852,Erin,Suddards,esuddardsnn@skyrock.com,Male,122.204.175.13,RS32 9668 5362 3692 7635 59
853,Riley,O' Hanvey,rohanveyno@t.co,Male,235.194.65.10,GL11 0944 1384 0067 54
854,Baxie,Terbeek,bterbeeknp@t-online.de,Non-binary,141.44.50.184,PL62 3553 3212 0890 0112 4814 6727
855,Viviana,Farney,vfarneynq@myspace.com,Female,61.102.63.135,FR08 6918 5042 47PN A1UZ DGTE D84
856,Carr,Oris,corisnr@blinklist.com,Male,164.47.30.206,FR28 8396 8517 65IL V100 NZPU V26
857,Lucius,Mullinger,lmullingerns@xrea.com,Male,14.59.245.178,DK47 0511 8912 3813 87
858,Bryn,Hasson,bhassonnt@google.pl,Female,65.211.138.137,BH95 GRZG VD6G SJH7 C7BP N1
859,Mechelle,Spore,msporenu@delicious.com,Female,130.71.190.102,FR37 0386 1684 609U X3AD DKHA S81
860,Caressa,Lomath,clomathnv@biglobe.ne.jp,Female,166.138.7.157,AZ08 LHVD 6GKE QY3A E0S6 XLSB 0K6O
861,Kippie,Urrey,kurreynw@ucoz.com,Female,178.52.168.91,EE35 1223 4524 1915 5204
862,Lynette,Towhey,ltowheynx@reddit.com,Female,25.213.199.15,DK85 4635 4005 3898 80
863,Florida,Reavell,freavellny@va.gov,Non-binary,85.159.223.68,AL28 2449 0040 NCCQ QNJO GMSI K177
864,Marion,Rechert,mrechertnz@issuu.com,Female,205.236.129.225,FR87 9198 7949 0020 DWSW F4CQ S52
865,Petey,Stygall,pstygallo0@businessinsider.com,Male,27.218.122.207,AL14 7420 7038 HU4A GJGS OXSA CK3P
866,Tymon,Tett,ttetto1@mapquest.com,Male,89.227.5.29,AE89 7646 3868 0591 6780 361
867,Diarmid,Lille,dlilleo2@twitter.com,Male,217.235.135.5,NL10 SQNS 4121 8563 20
868,Filmer,McEvon,fmcevono3@apache.org,Male,172.57.76.170,AZ03 FVBO YWYZ EWRJ J86X 7KNK RCPP
869,Niko,Enterle,nenterleo4@paginegialle.it,Male,236.224.66.152,MU75 GVPG 4192 5316 5616 0564 845J QR
870,Kipper,Spinas,kspinaso5@t-online.de,Male,158.215.240.215,LU88 825R RHK2 ZMJ0 CO5A
871,Aundrea,Stockton,astocktono6@tumblr.com,Female,154.91.172.122,MR83 9816 0194 2033 3987 9636 761
872,Levey,Anger,langero7@mashable.com,Male,189.24.239.61,CY30 9790 5288 CVQL EPN2 KN7R NYVD
873,Debbi,Zorer,dzorero8@intel.com,Female,221.220.119.185,FR74 1040 5086 63ED XOHD HZ6Z 603
874,Erskine,Leacock,eleacocko9@hhs.gov,Genderfluid,240.166.27.61,CR55 4828 5444 1143 9346 8
875,Holmes,Orgen,horgenoa@surveymonkey.com,Male,217.30.239.175,DK79 1720 3881 9824 68
876,Vernon,Mansel,vmanselob@army.mil,Male,216.189.16.7,CH21 6557 5VY0 Q2JL QF3T D
877,Saxon,Petti,spettioc@ucoz.com,Male,254.169.245.2,RO13 IGIE CNCK HERT 7CKD MIJG
878,Ryley,Lozano,rlozanood@squidoo.com,Male,100.198.122.229,IE21 ZONX 6648 9485 7794 84
879,Fabio,Scurrell,fscurrelloe@sakura.ne.jp,Male,25.244.97.151,MU94 IPZN 7505 8760 3687 7987 375X WY
880,Geneva,Pancast,gpancastof@wix.com,Female,29.165.248.1,PL90 1316 8865 5260 6164 0766 8797
881,Chuck,Hansom,chansomog@house.gov,Male,128.233.47.220,HU12 1520 4559 7671 9582 5932 2519
882,Ninon,Pencost,npencostoh@webmd.com,Female,238.185.246.92,BE23 4389 2386 5561
883,Heath,O'Dreain,hodreainoi@wikia.com,Bigender,236.19.105.90,GL30 7201 7692 6512 11
884,Helen,Adam,hadamoj@seesaa.net,Genderqueer,72.28.232.158,MC21 1679 4963 94SW PKK1 RCLA N10
885,Blinnie,Tzuker,btzukerok@wired.com,Female,69.235.46.2,ME11 1799 8479 4051 3928 35
886,Lauralee,Josiah,ljosiahol@slashdot.org,Female,241.196.199.58,GI27 JKKX TDGS LBZV TL1F VEK
887,Lurlene,Ramble,lrambleom@foxnews.com,Non-binary,120.170.81.9,RO53 ICPA PBKL 304U SXR5 YM8I
888,Gerald,Crunkhorn,gcrunkhornon@usa.gov,Male,102.2.32.165,HU08 5273 2627 4142 4958 8915 1625
889,Renell,Hulk,rhulkoo@loc.gov,Agender,162.229.222.3,FR19 7446 1181 46CY 3YAM PZ6T 169
890,Gannon,De L'Isle,gdelisleop@pcworld.com,Male,13.148.12.219,LV39 OKGI MLAS LESE M6H8 B
891,Vaughan,Meneer,vmeneeroq@netscape.com,Male,70.159.14.250,CY19 9277 1807 2PQO VDBX WUAI XIQM
892,Tan,Duro,tduroor@livejournal.com,Agender,122.206.91.233,BH47 NEBJ MMTV PV1Q PJJN CM
893,Jarvis,Kennewell,jkennewellos@ehow.com,Male,15.202.142.135,FR03 1161 0644 827K UKA4 YCV6 L83
894,Urbain,Follis,ufollisot@weather.com,Male,195.28.249.167,PS84 TIYR SMUI A1ID WT6S F2OK GWNK N
895,Sonny,Couche,scoucheou@biglobe.ne.jp,Polygender,18.204.90.188,AE69 8043 5631 0464 6036 969
896,Morrie,Gaskill,mgaskillov@harvard.edu,Male,103.22.80.40,BE50 9453 7520 7010
897,Modestia,McNirlan,mmcnirlanow@wix.com,Female,109.152.106.20,KW93 DWMV LZEZ OCFI 4TOL VWJO MOGJ JS
898,Marven,Medgwick,mmedgwickox@upenn.edu,Male,232.193.73.86,IT65 J081 5602 795D R4EM 2WE1 EOV
899,Ruperta,Navarre,rnavarreoy@google.fr,Female,233.83.41.238,LI28 7438 7CS8 FKNA KGOA F
900,Arnuad,Nowill,anowilloz@livejournal.com,Male,121.171.177.3,FR29 5911 9041 72CO TDX2 CR9H X18
901,Georgy,Lancley,glancleyp0@discuz.net,Male,178.179.126.184,NO38 5005 0612 256
902,Cece,Darridon,cdarridonp1@jigsy.com,Male,194.40.212.80,PT38 2666 5058 3067 6153 4128 9
903,Amitie,Dakhno,adakhnop2@yellowbook.com,Female,181.227.170.231,SI52 3090 9966 8616 613
904,Audre,Mayling,amaylingp3@discuz.net,Female,160.29.106.171,GB81 XKCX 3055 1475 5992 28
905,Ramsey,Girvan,rgirvanp4@irs.gov,Male,113.44.19.88,VG29 MDTN 4884 1431 4336 6263
906,Esmaria,Rogers,erogersp5@foxnews.com,Female,208.85.111.205,GE59 PF93 2283 1336 9724 48
907,Anna-diana,Inman,ainmanp6@google.com,Female,108.214.41.101,AE24 9637 2684 9171 6857 375
908,Syman,Ridesdale,sridesdalep7@sitemeter.com,Male,131.208.173.185,FR89 7801 2300 511C 0GNK PDFZ W15
909,Teresa,Quinn,tquinnp8@is.gd,Female,185.129.6.71,IS70 5537 7272 0006 4853 1082 50
910,Madelle,Van Daalen,mvandaalenp9@reference.com,Female,129.233.59.234,RO47 VCFW KWHJ TRYP YQXS XFZ4
911,Margette,Bayns,mbaynspa@usnews.com,Female,190.45.226.70,FR05 3881 6001 16SG YU0P UMDA 395
912,Leon,Aughtie,laughtiepb@amazonaws.com,Male,39.178.60.131,SK98 5640 1751 0883 5220 0378
913,Ajay,Roy,aroypc@washington.edu,Female,200.255.1.33,FR22 2841 8715 503E PKBS TJFL Y50
914,Elvin,Grishanin,egrishaninpd@blogtalkradio.com,Male,210.106.112.230,PL94 3758 8924 3873 1475 1346 5445
915,Dianne,Yedall,dyedallpe@wired.com,Female,114.199.122.70,EE56 9077 5174 0107 7495
916,Shea,Ricci,sriccipf@constantcontact.com,Female,115.123.165.139,EE86 7853 7129 2262 5641
917,Pammie,Sonier,psonierpg@free.fr,Female,43.43.251.26,AL29 5135 3653 TLDV L9RP KH77 UZSG
918,Timmie,Poyzer,tpoyzerph@businessinsider.com,Female,18.212.22.2,NO18 2250 5111 142
919,Ferdinande,Ceaser,fceaserpi@weibo.com,Polygender,53.94.129.79,AL65 0970 2405 OTIL 81C2 PQED R3J8
920,Kathleen,MacGinlay,kmacginlaypj@hostgator.com,Female,76.157.250.119,AD05 4113 2580 KXBJ RZT5 WZZL
921,Chrissie,Balcock,cbalcockpk@google.pl,Female,80.96.209.84,FR22 6630 4467 59UY HIBZ YPQJ W48
922,Alwyn,Butting,abuttingpl@google.com.br,Male,154.108.119.41,SK22 2987 3337 2805 3678 3522
923,Anet,Rouby,aroubypm@ucsd.edu,Female,248.147.214.234,EE91 0413 7570 7915 5773
924,Oralle,Haddy,ohaddypn@squarespace.com,Female,168.202.158.85,BG37 MXQE 0817 88GQ F87M KI
925,Gretal,Renneke,grennekepo@patch.com,Female,167.168.177.25,AL28 5151 8615 X53I 3KAV UQIJ 6YSF
926,Adelina,Lenard,alenardpp@msu.edu,Female,114.206.68.229,GT97 NHNS UOVW I9VX IDAF 5TSB QOMD
927,Toiboid,Deetch,tdeetchpq@home.pl,Male,150.145.104.37,BE61 1506 2329 0002
928,Isidor,Gaish,igaishpr@howstuffworks.com,Male,69.128.120.51,MK90 888P UVQN S4H7 415
929,Viki,Tieraney,vtieraneyps@mac.com,Female,205.169.189.217,LT05 9589 7567 9398 1304
930,Graeme,Domotor,gdomotorpt@hexun.com,Non-binary,3.244.113.3,VG30 ACRT 7183 8883 2828 9922
931,Amory,Waszczyk,awaszczykpu@xrea.com,Male,78.217.174.54,AZ57 QWYO ADC6 WVHL JMDD Q2C4 755G
932,Erroll,Hebard,ehebardpv@photobucket.com,Male,20.18.222.74,DE56 5813 0693 9673 8536 54
933,Annamarie,Verni,avernipw@opensource.org,Female,52.0.206.130,KW35 AZUF E873 MOV8 35WG KFXY NHQE JG
934,Leupold,Verrico,lverricopx@yolasite.com,Male,79.205.209.74,AT44 3105 3450 4276 2909
935,Gill,Hagyard,ghagyardpy@myspace.com,Male,177.65.32.163,CH27 6563 6OSH QKS1 OGZC V
936,Rhody,O'Connell,roconnellpz@php.net,Female,218.141.172.181,FR52 4617 1617 89EJ NMTQ UEIM N11
937,Rodrigo,Auchterlony,rauchterlonyq0@tamu.edu,Male,10.73.72.2,LV96 VVBL DE1T EN62 YFZY E
938,Vida,Vickerstaff,vvickerstaffq1@1und1.de,Female,198.19.167.165,SE55 9256 1622 8927 9087 9652
939,Gerik,Bownes,gbownesq2@yahoo.co.jp,Male,69.236.175.143,FR83 7827 4625 50HP 6MHY ULUS 913
940,Hillel,Pycock,hpycockq3@nps.gov,Male,235.152.184.172,FR18 6267 9524 027Q 7UE9 URH3 A75
941,Jillana,Fillary,jfillaryq4@unesco.org,Agender,132.29.93.19,KZ81 552V LQDJ BP5W 536Q
942,Danyette,Dougharty,ddoughartyq5@ca.gov,Female,251.112.24.74,PK09 MNPG TSHN JNOC SKRL DDHH
943,Gian,Fritchley,gfritchleyq6@pagesperso-orange.fr,Male,16.211.181.109,MT33 KKJJ 0980 0ENK M78G GPB7 DAHJ BWS
944,Annecorinne,Thurling,athurlingq7@time.com,Female,99.70.239.194,FR85 6647 8190 54PV EDVY EXE3 U82
945,Stesha,Graffin,sgraffinq8@163.com,Female,64.56.85.40,FR33 0039 5066 31DN A0ZZ 4Z92 X69
946,Giorgia,Wreath,gwreathq9@i2i.jp,Female,170.15.17.185,GI07 JNEN GZ9J NHTY GPYX DI3
947,Mareah,Copcote,mcopcoteqa@godaddy.com,Female,74.19.241.57,IE88 XOOK 7850 9162 7180 10
948,Selestina,Valti,svaltiqb@marriott.com,Female,150.223.196.176,DE63 1006 3671 5934 8832 01
949,Trudey,Robertucci,trobertucciqc@home.pl,Female,225.171.143.45,TR09 1484 7UNF LWGI 4XNZ 4UW4 BC
950,Heloise,Thorneley,hthorneleyqd@yahoo.com,Female,60.73.176.52,GI77 FCGR G1DV TMDE G7YB T5V
951,Luis,Fidelus,lfidelusqe@fda.gov,Male,44.195.77.201,GB95 KXSF 9817 2582 9772 25
952,Miguelita,Talks,mtalksqf@cargocollective.com,Genderqueer,217.129.244.59,HR59 0507 7643 6820 5825 7
953,Amble,Wallen,awallenqg@quantcast.com,Male,86.95.153.169,FR96 1416 2774 49ER D5OR HKND K52
954,Weidar,Keepe,wkeepeqh@wiley.com,Male,170.128.126.235,PS40 TJJB FOLL CE8U 5FXK CYQR LXEA S
955,Sophi,McNirlan,smcnirlanqi@furl.net,Female,231.40.106.44,FR06 0539 3855 74FY WZPL J5F6 K04
956,Jessamine,Davenell,jdavenellqj@mac.com,Female,71.47.179.4,MK21 5975 BFSK RVXU P20
957,Zara,Riseborough,zriseboroughqk@tripod.com,Female,104.105.214.230,FR13 3776 0656 59H4 GARX IHJH T72
958,Sharlene,Mahody,smahodyql@amazon.co.uk,Female,128.39.226.183,LI90 8312 9YNL VLIF ZYBU Q
959,Iago,Bolderstone,ibolderstoneqm@indiegogo.com,Male,251.41.204.201,BA05 3441 8968 7680 9243
960,Etheline,Yateman,eyatemanqn@soundcloud.com,Female,129.46.248.244,CY33 6441 5380 YMSR T0SQ Q6TQ FCYH
961,Brunhilde,Verrillo,bverrilloqo@ifeng.com,Female,119.115.228.99,IE32 FXJC 7932 0787 0605 45
962,Alyssa,Warn,awarnqp@example.com,Female,163.126.42.199,LB68 0101 GI1V F3DJ KLHW PQ1V ZPYQ
963,Kennith,Benedtti,kbenedttiqq@zimbio.com,Male,214.93.114.81,PT78 7526 9941 3895 8090 3295 8
964,Cozmo,Nelles,cnellesqr@google.fr,Male,32.201.191.215,SM94 P068 1687 8055 V1CB OY4Q WZI
965,Adolphus,Cockerton,acockertonqs@qq.com,Male,186.13.219.153,VG83 DMTV 4471 8634 7947 8531
966,Christy,Wrightson,cwrightsonqt@stumbleupon.com,Male,84.6.118.55,BG17 ROZZ 3906 84DM WNRC PY
967,Jard,Pawelec,jpawelecqu@japanpost.jp,Male,238.2.137.2,FR52 2532 5916 30NM 662W 8FQN B46
968,Ynez,Pobjay,ypobjayqv@mit.edu,Female,235.125.130.154,NO18 1093 2964 291
969,Al,Di Iorio,adiiorioqw@opensource.org,Male,202.186.21.207,IL51 7811 2579 5470 1159 111
970,Chiarra,Bonnette,cbonnetteqx@ft.com,Female,42.229.215.165,GT25 MSB3 C1JI ZD1H 4ERU XJKR F6WL
971,Spencer,Castangia,scastangiaqy@telegraph.co.uk,Male,227.88.75.109,LB93 1169 UQFK ZH94 8CVH RY1I 6VVD
972,Wynn,Trunkfield,wtrunkfieldqz@friendfeed.com,Female,162.3.136.129,AD26 1638 9527 Q5PC AJTK SA5D
973,Locke,Slowly,lslowlyr0@netvibes.com,Male,70.176.8.61,SM43 X054 0830 448M B8X5 AYSW YTM
974,Alberta,Berzons,aberzonsr1@usatoday.com,Polygender,133.193.232.195,PT37 3814 1052 2983 7674 0715 9
975,Davy,Tricker,dtrickerr2@tiny.cc,Male,219.193.204.136,FR19 0707 2579 06SZ QIGH KTZE R55
976,Georgiana,Goodee,ggoodeer3@cbsnews.com,Female,2.203.115.81,VG58 HJTY 4254 6058 1372 6101
977,Nanete,Grice,ngricer4@skype.com,Female,44.243.140.119,FR53 4425 9576 521S M5KY TBIR C77
978,Jillane,Unthank,junthankr5@patch.com,Genderfluid,175.168.132.79,FR62 9079 9407 18GJ IKG9 PICX Y28
979,Erl,Dyche,edycher6@reddit.com,Male,31.26.221.216,MC10 7627 4166 74IN AQCR LFKN P01
980,Duncan,Matusovsky,dmatusovskyr7@amazon.de,Male,179.186.234.74,FR53 4361 9618 68UY HYI2 XUVK V23
981,Joana,Roelofs,jroelofsr8@unc.edu,Female,23.168.149.231,VG98 ZDBY 6581 4119 4576 1578
982,Vitia,Durrett,vdurrettr9@sogou.com,Female,87.231.189.153,CZ68 4947 7869 2009 2633 4844
983,Leodora,Meldon,lmeldonra@amazon.de,Female,181.55.109.149,FR04 4084 4593 50AP V9PE MJID N40
984,Dory,Herreros,dherrerosrb@pcworld.com,Male,252.142.122.155,PT25 6796 0645 7229 3769 7853 8
985,Odella,Flaws,oflawsrc@bandcamp.com,Female,116.158.134.27,SK57 4239 8797 4354 6043 4385
986,Jori,Aldus,jaldusrd@cyberchimps.com,Female,112.178.53.76,NO11 4247 7081 953
987,Myrtice,Carhart,mcarhartre@twitter.com,Female,237.100.148.169,HR24 3956 4062 4031 3411 1
988,Maggie,Curr,mcurrrf@tumblr.com,Female,184.90.30.192,LU56 501Q IBBM 642R IMXL
989,Jerald,Kreber,jkreberrg@army.mil,Male,155.156.23.206,FR88 1383 1881 9077 GWTF 72MO Z79
990,Colene,MacCoughen,cmaccoughenrh@gov.uk,Female,17.45.56.132,RO76 VUVE QHUU IBAR IQGQ HNRN
991,Ker,Tart,ktartri@liveinternet.ru,Male,22.14.170.204,PK13 FFSZ QZOJ K7NQ S2LV FEXE
992,Hinze,Agott,hagottrj@odnoklassniki.ru,Male,149.222.139.227,SA08 57ZU 8M0A OENH FVG5 PWBH
993,Clarissa,Van den Oord,cvandenoordrk@reference.com,Agender,127.109.131.105,LU23 569Q NRGU DGEC Z9UP
994,Drona,Giotto,dgiottorl@hexun.com,Female,93.21.50.175,KW08 EMHZ KLKP AU9V U2IW DXMP RPGO 6I
995,Glynn,Badwick,gbadwickrm@ucoz.com,Male,57.199.144.200,SK73 2563 8109 8932 5212 6632
996,Horatia,Boundey,hboundeyrn@mapquest.com,Female,116.190.234.207,DE91 3408 1178 2450 0426 47
997,Lief,Vedekhov,lvedekhovro@mapy.cz,Male,60.92.122.219,CH83 2049 4SYW JRCW MSAN I
998,Petra,Baish,pbaishrp@google.com.hk,Female,119.30.220.128,NO23 6764 9649 028
999,Leone,Stowe,lstowerq@mail.ru,Female,92.113.50.209,FO56 8173 6816 4832 07
1000,Graeme,Lipman,glipmanrr@chicagotribune.com,Male,97.152.130.199,SA78 26KP MVVY PTQ5 UO0B 4OQQ
